Trial_ID,ROS_Time_sec,Replanning_Latency_sec,Path_Length_m,Path_Found_Bool,Outcome
1,24.059,149.838131,12.2363,1,0
1,24.059,9.422145,12.2363,1,0
1,24.261,1.404452,12.2341,1,0
1,24.46,1.242212,12.2398,1,0
1,24.66,1.065556,12.259,1,0
1,24.86,1.032225,12.2893,1,0
1,25.06,1.358163,12.3086,1,0
1,25.26,0.685081,12.3009,1,0
1,25.46,0.498426,12.1639,1,0
1,25.66,0.541965,11.9973,1,0
1,25.86,0.773617,11.9007,1,0
1,26.06,3.94483,11.7624,1,0
1,26.26,2.381639,11.6633,1,0
1,26.46,1.26621,11.5667,1,0
1,26.66,2.271271,11.4635,1,0
1,26.86,1.75922,11.3674,1,0
1,27.11,2.853234,11.2555,1,0
1,27.311,1.427826,11.1538,1,0
1,27.51,1.728015,11.0256,1,0
1,27.709,2.251315,10.9268,1,0
1,27.909,8.106774,10.8336,1,0
1,28.11,3.117468,10.7284,1,0
1,28.31,2.438678,10.6448,1,0
1,28.51,2.960603,10.5245,1,0
1,28.71,2.617958,10.4219,1,0
1,28.91,7.020802,10.322,1,0
1,29.11,9.120794,10.2233,1,0
1,29.31,3.49211,10.1386,1,0
1,29.511,4.852024,10.004,1,0
1,29.71,8.537914,9.9589,1,0
1,29.91,4.205149,9.893,1,0
1,30.11,3.71243,9.7318,1,0
1,30.31,3.164173,9.5761,1,0
1,30.51,3.781676,9.4771,1,0
1,30.71,4.472173,9.5664,1,0
1,30.91,41.087342,9.2754,1,0
1,31.11,18.68352,9.3998,1,0
1,31.31,6.497253,9.284,1,0
1,31.51,6.769402,9.1271,1,0
1,31.71,4.793529,9.0249,1,0
1,31.91,5.348534,8.9351,1,0
1,32.11,3.521985,8.827,1,0
1,32.31,9.181417,8.8126,1,0
1,32.51,7.865167,9.0183,1,0
1,32.71,5.120091,8.9889,1,0
1,32.91,3.306332,8.8355,1,0
1,33.11,3.246544,8.7202,1,0
1,33.31,2.364559,8.613,1,0
1,33.51,3.619479,8.5288,1,0
1,33.71,1.81951,8.506,1,0
1,33.91,5.905041,8.5235,1,0
1,34.108,6.957725,8.2401,1,0
1,34.31,4.541295,8.3374,1,0
1,34.511,3.687558,8.2785,1,0
1,34.71,4.026287,8.4317,1,0
1,34.91,3.452656,8.4808,1,0
1,35.11,7.118758,8.4483,1,0
1,35.31,11.142753,9.106,1,0
1,35.51,9.297161,10.3374,1,0
1,35.711,4.354849,10.3329,1,0
1,35.911,4.976394,10.3132,1,0
1,36.11,5.359203,10.2811,1,0
1,36.31,4.648373,10.2688,1,0
1,36.51,5.494445,10.2677,1,0
1,36.71,7.424697,7.8092,1,0
1,36.91,5.060805,7.8426,1,0
1,37.11,4.992435,7.863,1,0
1,37.31,5.258793,7.882,1,0
1,37.51,4.363016,7.879,1,0
1,37.711,4.153863,7.875,1,0
1,37.91,11.984702,7.8688,1,0
1,38.11,13.262746,7.8345,1,0
1,38.31,8.8444,7.7969,1,0
1,38.51,4.423304,7.7607,1,0
1,38.71,12.811525,7.7341,1,0
1,38.911,5.961708,7.7401,1,0
1,39.11,5.707516,7.7372,1,0
1,39.31,5.988039,7.7246,1,0
1,39.51,21.909703,7.6472,1,0
1,39.71,41.246067,7.5631,1,0
1,39.91,6.19636,7.5224,1,0
1,40.11,7.692224,7.3887,1,0
1,40.31,3.806886,7.312,1,0
1,40.51,10.033034,7.2068,1,0
1,40.711,4.951063,7.1147,1,0
1,40.91,5.846841,6.9918,1,0
1,41.111,9.983705,6.8947,1,0
1,41.31,5.006893,6.8066,1,0
1,41.51,5.000519,6.7362,1,0
1,41.71,4.484593,6.5805,1,0
1,41.91,4.738828,6.493,1,0
1,42.11,28.810565,6.3131,1,0
1,42.311,18.194107,6.2168,1,0
1,42.51,4.688788,6.09,1,0
1,42.71,14.114321,6.1655,1,0
1,42.91,7.027351,6.0674,1,0
1,43.111,7.557401,5.9781,1,0
1,43.31,6.574504,6.1643,1,0
1,43.511,11.289583,6.0407,1,0
1,43.71,4.821989,5.9615,1,0
1,43.91,4.672458,5.8385,1,0
1,44.11,4.320854,5.4809,1,0
1,44.31,14.560296,5.3854,1,0
1,44.51,17.458906,5.2673,1,0
1,44.71,6.38985,5.1557,1,0
1,44.91,7.171218,5.0577,1,0
1,45.11,8.445305,4.9641,1,0
1,45.31,6.196904,4.8529,1,0
1,45.51,7.624564,4.767,1,0
1,45.71,5.079182,4.6651,1,0
1,45.911,8.212111,4.5648,1,0
1,46.11,6.121201,4.4664,1,0
1,46.308,5.964335,4.3112,1,0
1,46.51,7.37708,4.2602,1,0
1,46.71,4.764994,4.1748,1,0
1,46.91,7.268463,3.8802,1,0
1,47.11,24.458847,3.8444,1,0
1,47.31,30.172449,3.7465,1,0
1,47.51,6.479845,3.7091,1,0
1,47.71,4.695957,3.6954,1,0
1,47.91,4.891987,3.2551,1,0
1,48.11,5.75639,3.1776,1,0
1,48.31,5.896007,3.0379,1,0
1,48.51,7.462785,2.9451,1,0
1,48.71,3.097557,2.8489,1,0
1,48.911,2.889362,2.7429,1,0
1,49.11,2.775952,2.6349,1,0
1,49.31,3.202133,2.5555,1,0
1,49.56,5.412579,2.4132,1,0
1,49.76,4.478513,2.3021,1,0
1,49.958,3.815263,2.2291,1,0
1,50.16,2.180364,2.1169,1,0
1,50.36,2.467013,1.9922,1,0
1,50.56,2.682833,1.9033,1,0
1,50.76,2.38756,1.7945,1,0
1,50.96,1.900132,1.6855,1,0
1,51.16,1.648189,1.5879,1,0
1,51.36,1.52303,1.4949,1,0
1,51.56,1.453868,1.4006,1,0
1,51.76,2.816408,1.2979,1,0
1,51.96,2.484887,1.164,1,0
1,52.16,0.541675,1.0351,1,0
1,52.36,0.553132,0.937,1,0
1,52.56,0.629419,0.8245,1,0
1,52.76,0.875487,0.7297,1,0
1,52.96,0.70254,0.6382,1,0
1,53.16,0.632461,0.5559,1,0
1,53.36,0.54605,0.4772,1,0
1,53.56,0.714372,0.375,1,0
1,53.76,0.631377,0.258,1,0
1,53.96,1.010812,0.2004,1,0
1,54.161,0.578089,0.1822,1,0
1,54.36,3.014605,0.233,1,0
1,54.56,1.088224,0.3343,1,0
1,54.76,0.798076,0.3315,1,0
1,54.96,0.609462,0.2536,1,0
1,55.16,0.606254,0.2268,1,0
1,55.361,0.596005,0.2005,1,0
1,55.56,0.772994,0.1656,1,0
1,55.761,0.722414,0.1319,1,0
1,55.961,0.52401,0.0951,1,0
1,56.16,0.530509,0.056,1,0
1,56.36,0.809033,0.0206,1,1
2,89.561,24.517165,12.7753,1,0
2,89.561,101.700027,12.7753,1,0
2,89.76,0.604547,12.7755,1,0
2,89.96,0.656419,12.7737,1,0
2,90.16,0.901905,12.7649,1,0
2,90.36,0.777371,12.6913,1,0
2,90.56,0.762413,12.6363,1,0
2,90.761,0.571424,12.3249,1,0
2,90.96,0.618172,12.2506,1,0
2,91.16,1.678609,12.1665,1,0
2,91.36,1.826517,12.0244,1,0
2,91.56,0.926195,11.9178,1,0
2,91.76,0.652753,11.8244,1,0
2,91.961,0.606881,11.7003,1,0
2,92.16,0.608048,11.597,1,0
2,92.36,0.684168,11.4974,1,0
2,92.56,0.758705,11.3983,1,0
2,92.76,0.675627,11.303,1,0
2,92.96,8.264677,11.201,1,0
2,93.16,2.41844,11.1,1,0
2,93.36,1.493495,10.9972,1,0
2,93.56,1.380043,10.9036,1,0
2,94.361,4.100216,10.476,1,0
2,94.561,3.115149,10.3753,1,0
2,94.76,1.92147,10.2769,1,0
2,94.96,2.322821,10.18,1,0
2,95.16,3.165271,10.0868,1,0
2,95.36,2.55489,10.0234,1,0
2,95.56,2.832624,9.8434,1,0
2,95.76,1.507369,9.7485,1,0
2,95.96,1.670859,9.6695,1,0
2,96.16,1.460163,9.5303,1,0
2,96.36,1.497661,9.4154,1,0
2,96.56,1.463246,9.3067,1,0
2,96.76,0.98815,9.2408,1,0
2,96.957,4.020471,9.0751,1,0
2,97.16,7.93249,8.9884,1,0
2,97.36,6.656149,8.8681,1,0
2,97.56,4.404824,8.8643,1,0
2,99.96,14.102712,7.767,1,0
2,100.157,5.616253,7.667,1,0
2,100.56,31.812169,7.4943,1,0
2,100.761,15.926188,7.389,1,0
2,100.961,7.277739,7.3297,1,0
2,101.161,17.226946,7.3625,1,0
2,101.36,4.894337,7.3141,1,0
2,102.76,5.380767,6.628,1,0
2,102.959,7.006922,6.509,1,0
2,103.16,23.830644,6.4053,1,0
2,103.36,9.993039,6.3086,1,0
2,103.561,8.711156,6.2127,1,0
2,103.808,7.920994,6.0678,1,0
2,104.01,70.254134,5.9675,1,0
2,104.21,25.262479,5.8548,1,0
2,104.41,5.807785,5.7609,1,0
2,104.61,5.404142,5.6676,1,0
2,104.81,3.782487,5.5797,1,0
2,105.01,36.902756,5.4824,1,0
2,105.209,28.151852,5.3822,1,0
2,105.41,5.190529,5.2621,1,0
2,105.611,4.304415,5.2222,1,0
2,105.81,13.071611,5.1113,1,0
2,106.01,6.208303,4.9758,1,0
2,106.211,8.507753,4.911,1,0
2,106.41,5.738206,4.7525,1,0
2,106.61,6.992467,4.7231,1,0
2,106.811,4.39291,4.5072,1,0
2,107.01,3.258976,4.4194,1,0
2,107.21,10.373227,4.3104,1,0
2,107.411,3.98885,4.221,1,0
2,107.61,5.075203,4.1578,1,0
2,107.811,5.180781,4.175,1,0
2,108.01,4.91813,3.9449,1,0
2,108.21,5.496429,3.8541,1,0
2,108.411,6.139225,3.8729,1,0
2,108.81,7.490189,3.4686,1,0
2,109.01,2.796004,3.3707,1,0
2,109.21,4.742765,3.3044,1,0
2,109.41,4.473656,3.3268,1,0
2,109.61,4.858508,3.0415,1,0
2,109.81,4.594608,2.9039,1,0
2,110.01,3.26281,2.7947,1,0
2,110.21,3.706493,2.6804,1,0
2,110.41,4.510446,2.6259,1,0
2,110.61,12.129753,2.5145,1,0
2,110.81,5.949779,2.3864,1,0
2,111.01,4.1693,2.2205,1,0
2,111.209,3.292225,2.1405,1,0
2,111.41,1.890349,2.0296,1,0
2,111.607,2.861876,1.9283,1,0
2,111.81,5.863409,1.8175,1,0
2,112.01,1.848309,1.7181,1,0
2,112.21,2.387861,1.6229,1,0
2,112.41,4.015809,1.5192,1,0
2,112.61,3.690411,1.4215,1,0
2,112.811,5.430518,1.3292,1,0
2,113.01,3.960687,1.2886,1,0
2,113.21,2.997951,1.0354,1,0
2,113.41,2.560519,0.9364,1,0
2,113.61,3.243062,0.822,1,0
2,113.81,1.598491,0.7538,1,0
2,114.01,2.011425,0.6546,1,0
2,114.211,2.757298,0.6146,1,0
2,114.41,1.220513,0.4509,1,0
2,114.61,1.805562,0.3354,1,0
2,114.81,1.865267,0.2312,1,0
2,115.009,1.522579,0.1654,1,0
2,115.21,6.828647,0.2296,1,0
2,115.411,1.368629,0.2434,1,0
2,115.611,1.660904,0.2643,1,0
2,115.811,2.514063,0.2675,1,0
2,116.01,1.695319,0.2523,1,0
2,116.21,1.203764,0.2404,1,0
2,116.41,1.392586,0.1283,1,0
2,116.611,1.40946,0.0928,1,0
2,116.809,1.614073,0.0615,1,1
3,146.461,149.883566,12.0032,1,0
3,146.461,10.365545,12.0032,1,0
3,146.661,1.143686,11.9942,1,0
3,146.86,5.416322,11.9472,1,0
3,147.06,3.122409,11.8613,1,0
3,147.26,6.707375,11.772,1,0
3,147.46,1.662074,11.6809,1,0
3,147.66,1.685323,11.5964,1,0
3,147.861,1.336092,11.4672,1,0
3,148.061,1.938558,11.3634,1,0
3,148.261,2.013388,11.2778,1,0
3,148.46,1.664657,11.1816,1,0
3,148.66,1.311927,11.1343,1,0
3,148.861,1.868771,10.9775,1,0
3,149.06,1.539164,10.8849,1,0
3,149.26,2.618396,10.7891,1,0
3,149.46,1.807607,10.7012,1,0
3,149.66,2.308246,10.618,1,0
3,149.861,1.75386,10.4057,1,0
3,150.06,2.004347,10.3053,1,0
3,150.261,1.880021,10.185,1,0
3,150.46,1.465877,10.0871,1,0
3,150.66,1.519874,9.987,1,0
3,150.861,1.393964,9.8962,1,0
3,151.06,2.129964,9.7892,1,0
3,151.26,12.504679,9.7206,1,0
3,151.46,9.688794,9.6501,1,0
3,151.661,7.538289,9.6417,1,0
3,151.86,5.197711,9.4806,1,0
3,152.061,19.383838,9.6233,1,0
3,152.26,5.162255,9.586,1,0
3,152.46,9.792998,9.7487,1,0
3,152.66,4.465335,9.3671,1,0
3,152.86,13.434045,9.566,1,0
3,153.06,7.766985,10.5732,1,0
3,153.26,5.483404,10.5282,1,0
3,153.46,5.869757,10.4642,1,0
3,153.71,3.623341,10.3363,1,0
3,153.91,6.221613,10.1936,1,0
3,154.11,12.898951,9.7689,1,0
3,154.31,52.843318,9.8158,1,0
3,154.51,12.072372,9.4148,1,0
3,154.711,7.961433,9.3731,1,0
3,154.91,9.872077,9.4202,1,0
3,155.11,8.118633,9.533,1,0
3,155.31,9.046498,10.4129,1,0
3,155.511,6.215072,10.4809,1,0
3,155.71,8.027846,10.4152,1,0
3,155.91,4.901312,10.3955,1,0
3,156.11,4.011487,10.315,1,0
3,156.31,7.656034,9.9686,1,0
3,156.51,5.407826,9.9263,1,0
3,156.71,8.878467,9.6666,1,0
3,156.91,7.390216,9.6514,1,0
3,157.11,50.071981,10.2265,1,0
3,157.31,12.071791,9.2809,1,0
3,157.509,9.300652,9.241,1,0
3,157.711,18.891497,9.1319,1,0
3,157.911,9.966032,9.6789,1,0
3,158.11,8.660688,9.6592,1,0
3,158.31,6.250196,9.6259,1,0
3,158.51,8.447491,9.5999,1,0
3,158.71,7.346011,9.5883,1,0
3,159.111,8.907716,9.4078,1,0
3,159.111,84.405549,9.4078,1,0
3,159.31,5.674687,9.3139,1,-2
4,15.065,16.848688,12.0122,1,0
4,15.065,114.963577,12.0122,1,0
4,15.264,1.190296,12.0056,1,0
4,15.465,1.862609,11.9914,1,0
4,15.664,1.116757,11.9842,1,0
4,15.865,0.957262,11.9008,1,0
4,16.064,0.952221,11.8854,1,0
4,16.264,1.113007,11.8785,1,0
4,16.464,1.003469,11.8578,1,0
4,16.664,1.014136,11.8235,1,0
4,16.864,1.679073,11.7666,1,0
4,17.064,1.825485,11.7276,1,0
4,17.264,3.055239,11.6934,1,0
4,17.464,2.502464,11.6711,1,0
4,17.664,2.085394,11.7023,1,0
4,17.864,2.18939,11.2244,1,0
4,18.062,2.032896,11.1183,1,0
4,18.264,1.990063,11.0428,1,0
4,18.464,6.812207,10.9128,1,0
4,18.664,3.519892,10.811,1,0
4,18.864,2.854454,10.747,1,0
4,19.064,4.753812,10.6094,1,0
4,19.264,3.942129,10.5215,1,0
4,19.514,8.00367,10.381,1,0
4,19.714,6.034105,10.296,1,0
4,19.914,4.589609,10.1835,1,0
4,20.114,3.512767,10.1084,1,0
4,20.314,3.614555,9.9714,1,0
4,20.514,3.905421,9.8725,1,0
4,20.714,3.242359,9.7747,1,0
4,20.914,2.675126,9.6758,1,0
4,21.114,3.552724,9.5752,1,0
4,21.314,3.198944,9.4773,1,0
4,21.514,2.930452,9.3775,1,0
4,21.714,5.367335,9.2844,1,0
4,21.911,3.774342,9.1765,1,0
4,22.115,4.168913,9.1189,1,0
4,22.314,3.780217,9.0011,1,0
4,22.514,4.437863,8.8736,1,0
4,22.715,5.347461,8.7485,1,0
4,22.914,3.031657,8.6545,1,0
4,23.114,5.10901,8.4993,1,0
4,23.312,16.401578,8.6282,1,0
4,23.514,5.476706,8.4822,1,0
4,23.714,3.469143,8.3874,1,0
4,23.914,3.949711,8.3385,1,0
4,24.114,6.459302,8.195,1,0
4,24.314,5.058969,8.123,1,0
4,24.514,3.524433,7.9133,1,0
4,24.714,9.673702,8.2573,1,0
4,24.914,5.443374,7.6836,1,0
4,25.115,7.050867,8.3347,1,0
4,25.314,4.802227,8.2356,1,0
4,25.514,7.90884,7.4346,1,0
4,25.714,4.799436,7.5697,1,0
4,25.914,5.094552,7.916,1,0
4,26.114,7.294734,7.3709,1,0
4,26.312,7.956297,7.3053,1,0
4,26.514,8.644109,7.2171,1,0
4,26.714,8.632984,7.6179,1,0
4,26.914,16.69357,7.6061,1,0
4,27.111,9.176218,7.3175,1,0
4,27.314,9.883446,6.9912,1,0
4,27.514,9.377379,7.2207,1,0
4,27.714,5.302795,7.0209,1,0
4,27.914,14.002611,6.9226,1,0
4,28.114,9.135802,6.8585,1,0
4,28.314,12.153002,6.7593,1,0
4,28.512,8.248622,6.7577,1,0
4,28.714,9.196176,6.8502,1,0
4,28.915,15.265989,7.0285,1,0
4,29.114,8.833479,6.924,1,0
4,29.314,33.706547,6.2302,1,0
4,29.514,31.564238,6.9869,1,0
4,30.114,4.423364,5.5459,1,0
4,30.314,9.191426,5.434,1,0
4,30.514,5.93436,5.3271,1,0
4,30.715,3.415854,5.2859,1,0
4,30.914,6.565007,5.223,1,0
4,31.114,4.923807,5.2413,1,0
4,32.514,6.309598,5.1677,1,0
4,32.714,7.464979,5.0867,1,0
4,32.914,5.706617,4.8379,1,0
4,33.114,4.887267,4.7242,1,0
4,33.314,6.431845,4.6389,1,0
4,33.514,7.915382,4.5662,1,0
4,33.714,5.78228,4.4869,1,0
4,33.914,9.759951,4.3894,1,0
4,34.114,7.126948,4.2892,1,0
4,34.314,6.137645,4.1918,1,0
4,34.514,5.587204,4.1078,1,0
4,34.714,5.060053,4.3187,1,0
4,35.114,17.372925,3.7288,1,0
4,35.314,4.78852,4.1356,1,0
4,35.514,4.272285,3.5371,1,0
4,35.714,8.87931,3.4293,1,0
4,35.914,4.619942,3.3579,1,0
4,36.114,5.331544,3.2612,1,0
4,36.314,4.211079,3.1193,1,0
4,36.514,2.655544,3.0568,1,0
4,36.714,2.703876,3.0518,1,0
4,36.915,3.252942,3.0263,1,0
4,37.114,2.137602,3.1513,1,0
4,37.314,3.536058,3.3944,1,0
4,37.514,1.769821,3.3563,1,0
4,37.714,2.151517,2.7076,1,0
4,38.314,2.247098,2.1382,1,0
4,38.514,2.105477,2.0682,1,0
4,38.715,2.672127,1.8924,1,0
4,38.914,24.200008,1.7942,1,0
4,39.114,22.277734,1.6988,1,0
4,39.314,2.625086,1.6613,1,0
4,39.515,2.188891,1.6091,1,0
4,39.714,3.233484,1.6748,1,0
4,39.914,3.205943,1.3139,1,0
4,40.114,2.777373,1.2094,1,0
4,40.314,1.910316,1.1243,1,0
4,40.514,2.397135,1.0723,1,0
4,40.714,2.213807,0.8753,1,0
4,40.914,5.288296,0.7478,1,0
4,41.114,2.744291,0.6531,1,0
4,41.314,4.3642,0.5263,1,0
4,41.514,3.138154,0.4305,1,0
4,41.714,1.927108,0.3546,1,0
4,41.915,2.858662,0.2642,1,0
4,42.114,2.071145,0.2719,1,0
4,42.314,7.00266,0.3094,1,0
4,42.514,2.740291,0.4261,1,0
4,42.715,3.049532,0.2925,1,0
4,42.914,2.148184,0.2603,1,0
4,43.114,2.715375,0.2282,1,0
4,43.314,2.518215,0.2046,1,0
4,43.514,3.177777,0.2022,1,0
4,43.714,2.418093,0.1461,1,0
4,43.915,3.060406,0.1153,1,0
4,44.114,3.693845,0.0926,1,1
5,51.565,2.546088,13.0035,1,0
5,51.565,110.29788,13.0035,1,0
5,51.764,1.546203,13.001,1,0
5,51.964,1.464496,12.9718,1,0
5,52.164,2.027105,12.9668,1,0
5,52.364,1.091675,12.9976,1,0
5,52.564,4.509404,12.3724,1,0
5,52.764,2.82208,12.2807,1,0
5,52.964,5.588579,12.2633,1,0
5,53.165,7.138365,12.2052,1,0
5,53.364,7.15324,12.249,1,0
5,53.565,3.806425,11.8602,1,0
5,53.765,3.295941,11.7821,1,0
5,53.964,2.378094,11.7006,1,0
5,54.164,8.352704,11.5727,1,0
5,54.364,7.062659,11.4808,1,0
5,54.565,4.330784,11.4332,1,0
5,54.764,7.884051,11.3003,1,0
5,54.965,8.505991,11.3182,1,0
5,55.164,3.286816,11.0235,1,0
5,55.364,3.062782,10.8892,1,0
5,55.565,7.407899,10.7882,1,0
5,55.764,2.607129,10.6908,1,0
5,55.964,3.594849,10.5867,1,0
5,56.214,15.691105,10.4194,1,0
5,56.414,30.125247,10.3554,1,0
5,56.614,7.697641,10.2429,1,0
5,56.814,3.972379,10.1551,1,0
5,57.014,4.06396,10.0455,1,0
5,57.215,3.919963,9.9394,1,0
5,57.414,3.510435,9.8464,1,0
5,57.614,8.371703,9.9036,1,0
5,57.814,8.786274,10.4041,1,0
5,58.014,3.033824,10.3802,1,0
5,58.214,2.418843,10.3533,1,0
5,58.414,1.411373,10.3864,1,0
5,58.614,16.524204,10.1701,1,0
5,58.814,10.91275,10.1216,1,0
5,59.014,3.024658,10.0607,1,0
5,59.214,5.120469,9.6108,1,0
5,59.414,4.441989,9.5201,1,0
5,59.614,3.135238,9.4472,1,0
5,59.814,2.156309,9.356,1,0
5,60.014,2.765624,9.2354,1,0
5,60.214,2.295722,9.1354,1,0
5,60.414,2.403385,9.0103,1,0
5,60.614,4.498321,8.9422,1,0
5,60.814,1.914775,8.7672,1,0
5,61.014,3.562725,8.6688,1,0
5,61.214,2.21864,8.5692,1,0
5,61.414,2.830997,8.4729,1,0
5,61.614,7.655267,8.3923,1,0
5,61.815,3.87909,8.2937,1,0
5,62.014,3.752761,8.213,1,0
5,62.214,4.438114,8.1277,1,0
5,62.414,2.443092,7.8907,1,0
5,62.614,2.478508,7.7893,1,0
5,62.814,2.367637,7.6933,1,0
5,63.014,2.448217,7.597,1,0
5,63.214,2.9907,7.5146,1,0
5,63.414,2.971951,7.4775,1,0
5,63.614,3.319107,7.2859,1,0
5,63.814,10.628885,7.183,1,0
5,64.014,2.457634,7.0956,1,0
5,64.214,14.812674,6.9869,1,0
5,64.415,8.36612,6.8788,1,0
5,64.615,7.713891,6.7787,1,0
5,64.815,8.369621,6.6896,1,0
5,65.013,6.222603,6.5922,1,0
5,65.214,2.838414,6.4922,1,0
5,65.414,4.37695,6.3693,1,0
5,65.614,3.572683,6.279,1,0
5,65.814,3.083115,6.1871,1,0
5,66.014,4.171373,6.1269,1,0
5,66.214,4.847728,6.1788,1,0
5,66.614,6.008317,5.7775,1,0
5,66.814,4.285453,5.7638,1,0
5,67.014,4.16354,5.768,1,0
5,67.215,4.921392,5.7592,1,0
5,67.414,4.848477,5.7155,1,0
5,67.614,7.487564,8.3672,1,-2
6,5.328,3.548485,12.4943,1,0
6,5.328,118.742537,12.4943,1,0
6,5.527,1.032388,12.4989,1,0
6,5.727,2.652656,12.4695,1,0
6,5.927,4.319235,12.4179,1,0
6,6.127,2.90563,12.4116,1,0
6,6.327,1.598613,12.4189,1,0
6,6.527,0.586276,12.4074,1,0
6,6.728,1.542777,12.3594,1,0
6,6.927,1.012212,12.2899,1,0
6,7.127,1.516026,12.1998,1,0
6,7.327,1.305433,12.1523,1,0
6,7.527,5.692545,11.9805,1,0
6,7.727,1.399062,11.8817,1,0
6,7.927,6.074478,11.7887,1,0
6,8.127,3.200475,11.7198,1,0
6,8.327,3.91434,11.5817,1,0
6,8.927,2.661493,11.3034,1,0
6,9.128,1.864332,11.1278,1,0
6,9.327,2.349229,11.0336,1,0
6,9.527,8.407997,10.8787,1,0
6,9.727,4.954845,10.7934,1,0
6,9.927,2.817042,10.6854,1,0
6,10.127,4.021053,10.5691,1,0
6,10.327,3.329188,10.4737,1,0
6,10.527,3.479737,10.378,1,0
6,10.727,3.311063,10.256,1,0
6,10.927,2.900211,10.1533,1,0
6,11.127,3.845919,10.0631,1,0
6,11.327,3.944757,9.9536,1,0
6,11.527,5.021763,9.8438,1,0
6,11.727,3.895796,9.7456,1,0
6,11.927,2.766496,9.6478,1,0
6,12.127,3.726039,9.5501,1,0
6,12.327,2.43944,9.4586,1,0
6,12.527,2.88121,9.3333,1,0
6,12.727,3.032049,9.2345,1,0
6,12.927,3.623117,9.1358,1,0
6,13.128,3.372856,9.0396,1,0
6,13.327,2.616531,8.955,1,0
6,13.527,10.095567,8.8116,1,0
6,13.727,3.951881,8.6998,1,0
6,13.927,5.897799,8.6063,1,0
6,14.127,10.772638,8.4441,1,0
6,14.327,7.133062,8.3434,1,0
6,14.527,4.884046,8.2496,1,0
6,14.727,5.750168,8.2077,1,0
6,14.927,6.92601,7.9345,1,0
6,15.127,20.270425,7.8787,1,0
6,15.327,26.937383,7.926,1,0
6,15.527,5.050262,7.6197,1,0
6,15.727,6.861423,7.5322,1,0
6,15.927,3.310352,7.4976,1,0
6,16.127,9.005308,7.4132,1,0
6,16.327,4.623034,7.1334,1,0
6,16.527,7.128518,7.0341,1,0
6,16.727,4.561281,6.9337,1,0
6,16.927,4.615242,6.8343,1,0
6,17.127,4.500445,6.7438,1,0
6,17.328,4.465569,6.6533,1,0
6,17.527,3.903252,6.5248,1,0
6,17.727,3.879917,6.4181,1,0
6,17.928,9.927346,6.3214,1,0
6,18.127,4.988299,6.2235,1,0
6,18.327,6.225061,6.1222,1,0
6,18.576,4.75783,5.9949,1,0
6,18.778,5.038009,5.9034,1,0
6,18.977,6.203017,5.7968,1,0
6,19.177,4.655243,5.7091,1,0
6,19.377,6.939508,5.6431,1,0
6,19.577,7.901507,5.4888,1,0
6,19.777,4.468026,5.3829,1,0
6,19.977,4.269642,5.2817,1,0
6,20.177,3.714576,5.1583,1,0
6,20.377,4.626407,5.0552,1,0
6,20.577,6.378399,4.9429,1,0
6,20.777,3.257681,4.8374,1,0
6,20.977,3.489941,4.7384,1,0
6,21.178,2.531441,4.6433,1,0
6,21.377,2.052755,4.58,1,0
6,21.577,1.942041,4.4421,1,0
6,21.777,2.304848,4.3508,1,0
6,21.978,2.06738,4.2484,1,0
6,22.177,2.696157,4.1508,1,0
6,22.378,2.60857,4.0469,1,0
6,22.577,1.886998,3.9538,1,0
6,22.778,2.1513,3.8649,1,0
6,22.978,3.988254,3.7727,1,0
6,23.177,3.137883,3.6457,1,0
6,23.377,3.566777,3.628,1,0
6,23.577,2.820787,3.5277,1,0
6,23.777,1.890247,3.3111,1,0
6,23.977,2.770493,3.2619,1,0
6,24.177,1.756074,3.1331,1,0
6,24.377,1.979417,3.0537,1,0
6,24.576,1.577817,2.8592,1,0
6,24.777,1.335765,2.7633,1,0
6,24.977,1.034378,2.6633,1,0
6,25.177,2.780452,2.5716,1,0
6,25.378,2.077255,2.4675,1,0
6,25.578,0.864328,2.3514,1,0
6,25.777,0.913164,2.253,1,0
6,25.977,0.835619,2.1533,1,0
6,26.177,0.966416,2.0564,1,0
6,26.378,1.377975,1.9579,1,0
6,26.577,0.732823,1.8585,1,0
6,26.777,0.855745,1.7653,1,0
6,26.977,0.856286,1.6693,1,0
6,27.177,1.051544,1.5252,1,0
6,27.378,1.387391,1.4386,1,0
6,27.577,0.669153,1.3244,1,0
6,27.778,0.735864,1.2241,1,0
6,27.977,1.12113,1.1244,1,0
6,28.177,0.623359,1.0306,1,0
6,28.377,0.806159,0.9086,1,0
6,28.577,1.008876,0.8153,1,0
6,28.927,67.562997,11.5718,1,0
6,29.127,0.758865,11.6623,1,0
6,29.127,119.302499,11.6623,1,0
6,29.327,1.340139,11.9815,1,0
6,29.527,0.601317,11.9724,1,0
6,29.727,0.750573,11.9691,1,0
6,29.927,1.004792,11.9742,1,0
6,30.128,0.598609,11.9897,1,0
6,30.727,0.619401,11.6034,1,0
6,30.928,0.645402,11.562,1,0
6,31.127,0.652236,11.5247,1,0
6,31.327,1.307055,11.4952,1,0
6,31.527,0.585608,11.482,1,0
6,31.727,0.924913,11.4876,1,0
6,31.927,1.930622,11.4943,1,0
6,32.127,0.791741,11.4664,1,0
6,32.327,1.140506,11.4081,1,0
6,32.527,0.776448,11.3117,1,0
6,32.727,1.587357,11.2061,1,0
6,32.927,1.209425,11.1067,1,0
6,33.127,12.678567,11.0357,1,0
6,33.327,1.87487,10.9131,1,0
6,33.527,3.108378,10.7576,1,0
6,33.727,20.509181,10.8146,1,0
6,33.927,2.906286,10.7174,1,0
6,34.127,6.643149,10.6199,1,0
6,34.327,8.384013,10.7256,1,0
6,34.528,5.358513,10.4279,1,0
6,34.727,13.112707,10.3514,1,0
6,35.127,12.365009,10.1533,1,0
6,35.328,4.866117,10.0287,1,0
6,35.527,14.643893,10.1249,1,0
6,35.727,11.288464,10.0236,1,0
6,35.928,11.776359,9.9315,1,0
6,36.127,9.509974,9.8034,1,0
6,36.327,23.974485,9.7104,1,0
6,36.527,22.497213,9.6127,1,0
6,36.727,6.06354,9.5096,1,0
6,36.927,10.49293,9.4352,1,0
6,38.527,26.72888,9.0887,1,0
6,38.727,6.869196,9.0655,1,0
6,40.528,11.239872,9.6902,1,0
6,40.777,8.13358,9.7296,1,0
6,40.977,9.320752,9.757,1,0
6,41.378,24.771418,9.2772,1,0
6,41.577,10.689265,9.2309,1,0
6,41.777,6.900195,9.1823,1,0
6,41.977,11.438796,9.1583,1,0
6,42.178,7.408257,9.0828,1,0
6,42.378,8.150494,9.3379,1,0
6,42.577,7.427674,9.3459,1,0
6,42.777,7.055117,9.3713,1,0
6,42.977,12.969397,9.4113,1,0
6,43.178,9.276622,9.4098,1,0
6,43.372,8.996028,9.6042,1,0
6,43.773,70.151026,8.3425,1,0
6,43.977,53.013504,9.705,1,0
6,44.177,4.584933,9.7006,1,0
6,44.377,8.156702,9.6773,1,0
6,44.577,8.69689,9.6018,1,0
6,44.777,15.906096,9.5285,1,0
6,44.977,30.526972,9.4578,1,0
6,45.177,7.306541,9.2345,1,0
6,45.777,7.775853,8.6496,1,0
6,45.977,14.998973,8.7654,1,0
6,46.177,8.519547,8.2038,1,0
6,46.377,6.565553,8.1108,1,0
6,46.577,8.71718,8.0009,1,0
6,46.777,11.624671,7.9585,1,0
6,46.977,5.02895,7.9202,1,0
6,47.177,7.345833,7.9222,1,0
6,47.377,5.700893,7.9866,1,0
6,48.577,20.657318,6.8746,1,0
6,48.777,26.604345,6.7692,1,0
6,48.977,10.212112,6.6726,1,0
6,49.178,12.540662,6.5738,1,0
6,49.377,82.053947,6.4746,1,0
6,49.777,24.539052,6.2733,1,0
6,49.777,81.103618,6.2733,1,0
6,49.977,8.739011,6.1793,1,0
6,50.177,13.308982,6.0738,1,0
6,50.377,8.053984,5.9695,1,0
6,50.575,12.308026,5.8796,1,0
6,50.778,8.458874,5.7704,1,0
6,50.977,9.495414,5.6801,1,0
6,51.177,9.124275,5.5964,1,0
6,51.377,6.766849,5.4603,1,0
6,51.577,16.74149,5.3894,1,0
6,51.777,22.693141,5.2562,1,0
6,51.977,21.629305,5.1394,1,0
6,52.177,7.620548,5.0348,1,0
6,52.377,8.465914,4.957,1,0
6,52.572,5.888189,4.841,1,0
6,52.777,9.507414,4.7387,1,0
6,52.977,6.35504,4.6381,1,0
6,53.177,7.026482,4.5411,1,0
6,53.377,6.047652,4.4619,1,0
6,53.577,10.831715,4.3224,1,0
6,53.777,15.976872,4.2221,1,0
6,53.978,4.614513,4.1237,1,0
6,54.177,4.527593,4.0243,1,0
6,54.377,9.244776,3.9238,1,0
6,54.577,6.924353,3.8234,1,0
6,54.777,7.544626,3.7225,1,0
6,54.977,9.805547,3.6382,1,0
6,55.178,4.208247,3.5248,1,0
6,55.378,6.289577,3.5901,1,0
6,55.578,6.537295,3.3248,1,0
6,55.776,7.905723,3.22,1,0
6,55.977,21.980851,3.14,1,0
6,56.177,7.183028,3.0232,1,0
6,56.377,6.237783,2.924,1,0
6,56.577,11.220685,2.821,1,0
6,56.777,4.32075,2.7169,1,0
6,56.977,17.996944,2.6346,1,0
6,57.177,27.33468,2.5166,1,0
6,57.377,5.511754,2.415,1,0
6,57.577,3.097494,2.3181,1,0
6,57.777,20.459371,2.2189,1,0
6,57.977,7.198069,2.1136,1,0
6,58.177,3.908817,2.0143,1,0
6,58.377,11.45319,1.9257,1,0
6,58.577,3.783937,1.821,1,0
6,58.777,3.423339,1.7157,1,0
6,58.977,2.979156,1.6117,1,0
6,59.177,3.259958,1.5199,1,0
6,59.377,3.496676,1.4217,1,0
6,59.577,2.926654,1.3155,1,0
6,59.777,2.091872,1.2091,1,0
6,59.977,1.579394,1.1136,1,0
6,60.177,3.090951,1.0236,1,0
6,60.377,1.790319,0.9396,1,0
6,60.577,3.185288,0.771,1,0
6,60.777,1.510807,0.7278,1,0
6,60.977,2.235419,0.5717,1,0
6,61.177,2.543889,0.4867,1,0
6,61.377,2.839317,0.3973,1,0
6,61.577,0.835282,0.2737,1,0
6,61.777,1.337801,0.2092,1,0
6,61.977,1.036831,0.2862,1,0
6,62.177,2.785356,0.2749,1,0
6,62.377,1.048248,0.2905,1,0
6,62.577,1.78836,0.3029,1,0
6,62.777,1.064082,0.2922,1,0
6,62.977,4.12799,0.2791,1,0
6,63.178,1.256339,0.2251,1,0
6,63.377,3.671847,0.2064,1,0
6,63.577,1.28109,0.1981,1,0
6,63.777,1.417887,0.0831,1,0
6,63.978,1.484472,0.0468,1,0
6,64.177,1.555934,0.0263,1,1
7,73.678,33.613984,12.856,1,0
7,73.678,124.876918,12.856,1,0
7,73.877,2.968151,12.8537,1,0
7,74.077,1.970739,12.9038,1,0
7,74.277,1.784024,13.0003,1,0
7,74.478,2.25675,12.1422,1,0
7,74.677,3.302787,12.0488,1,0
7,74.877,2.002448,11.8968,1,0
7,75.077,1.323466,11.7946,1,0
7,75.277,2.085326,11.7044,1,0
7,75.477,0.997744,11.5689,1,0
7,75.677,1.101832,11.463,1,0
7,75.877,2.336502,11.4625,1,0
7,76.077,6.674077,11.4858,1,0
7,76.277,3.12828,11.0011,1,0
7,76.477,2.180912,10.925,1,0
7,76.677,1.546223,10.7912,1,0
7,76.877,2.549426,10.7091,1,0
7,77.077,1.942695,10.6346,1,0
7,77.277,1.150041,10.4545,1,0
7,77.477,4.781257,10.4127,1,0
7,77.677,2.839228,10.4085,1,0
7,77.877,2.11241,10.3884,1,0
7,78.077,7.286348,10.3314,1,0
7,78.277,1.522013,10.2922,1,0
7,78.477,1.644393,10.1347,1,0
7,78.677,1.650143,10.046,1,0
7,78.877,2.402628,9.9697,1,0
7,79.077,1.697728,9.8429,1,0
7,79.277,1.997864,9.7836,1,0
7,79.477,5.132518,9.638,1,0
7,79.677,3.19499,9.5222,1,0
7,79.877,2.9979,9.4261,1,0
7,80.077,4.263154,9.3275,1,0
7,80.277,4.794506,9.2434,1,0
7,80.477,5.884628,9.0502,1,0
7,80.677,4.139482,8.9365,1,0
7,80.877,5.163936,8.8402,1,0
7,81.077,6.653697,8.7434,1,0
7,81.277,5.922421,8.6485,1,0
7,81.477,7.540521,8.5148,1,0
7,81.677,6.147013,8.4157,1,0
7,81.877,4.945052,8.3177,1,0
7,82.077,4.790797,8.2215,1,0
7,82.278,14.985619,8.1154,1,0
7,82.477,10.971517,8.126,1,0
7,82.677,5.880835,8.0514,1,0
7,82.877,9.181703,7.9106,1,0
7,83.077,13.336517,7.8632,1,0
7,83.277,9.610009,7.7778,1,0
7,83.477,9.261747,7.6946,1,0
7,83.677,7.214465,8.1878,1,0
7,83.877,14.511268,8.1632,1,0
7,84.077,6.386352,8.1262,1,0
7,84.272,7.13192,8.1119,1,0
7,84.477,9.462628,10.5034,1,0
7,84.678,9.437336,10.5571,1,0
7,84.877,5.036512,10.591,1,0
7,85.077,7.770025,10.7638,1,0
7,85.277,4.289027,10.6475,1,0
7,85.477,5.973461,10.6129,1,0
7,85.677,17.259737,10.6071,1,0
7,85.877,4.930841,10.5801,1,0
7,86.077,4.643622,10.5214,1,0
7,86.277,5.047429,10.4885,1,0
7,86.477,4.404114,10.474,1,0
7,86.677,4.021933,10.4638,1,0
7,86.877,6.302972,10.4365,1,0
7,87.077,4.957383,10.4321,1,0
7,87.275,4.405739,8.0875,1,0
7,87.477,4.49695,8.1817,1,0
7,87.677,4.06081,8.2417,1,0
7,87.878,3.517832,8.3236,1,0
7,88.077,5.964418,8.3475,1,0
7,88.277,11.407234,8.0234,1,0
7,88.477,17.453404,8.5377,1,0
7,88.678,38.816155,8.2202,1,0
7,88.877,6.448935,8.2052,1,0
7,89.077,6.925951,8.2459,1,0
7,89.277,5.371397,8.2256,1,0
7,89.477,6.938909,8.2814,1,0
7,89.677,38.532015,8.6283,1,0
7,90.077,6.162923,8.2639,1,0
7,90.277,8.653594,8.2,1,0
7,90.477,7.837024,8.1754,1,0
7,90.678,8.718096,8.1703,1,0
7,90.878,8.319915,8.1832,1,0
7,91.077,6.222967,8.1506,1,0
7,91.327,66.75049,8.0685,1,0
7,91.527,33.393745,7.9749,1,0
7,91.727,8.191743,7.8769,1,0
7,91.928,6.931199,7.7693,1,0
7,92.122,4.680454,7.6736,1,0
7,92.327,6.109254,7.5748,1,0
7,92.527,7.563846,7.4783,1,0
7,92.727,48.803605,7.3835,1,0
7,92.927,66.198081,7.2111,1,0
7,93.127,6.300927,7.1118,1,0
7,93.328,6.888863,7.0129,1,0
7,93.527,15.456784,6.915,1,0
7,93.727,39.94142,6.8416,1,0
7,93.928,57.485775,6.7108,1,0
7,94.128,7.16708,6.6765,1,0
7,94.327,6.32626,6.6857,1,0
7,94.528,4.507655,6.6978,1,0
7,94.728,5.608693,6.6722,1,0
7,94.927,6.157545,6.6076,1,0
7,95.127,5.653819,6.5124,1,0
7,95.327,5.225805,6.423,1,0
7,95.527,5.738863,6.3258,1,0
7,95.728,5.916995,6.2363,1,0
7,95.927,8.190864,6.1425,1,0
7,96.127,5.987913,6.0486,1,0
7,96.327,29.648642,5.9506,1,0
7,96.527,6.215838,5.878,1,0
7,96.727,6.602892,5.8139,1,0
7,96.928,8.412996,5.6766,1,0
7,97.127,5.954745,5.6771,1,0
7,97.327,5.986121,5.5149,1,0
7,97.527,4.665076,5.3472,1,0
7,97.727,4.954919,5.2527,1,0
7,97.927,10.23939,5.16,1,0
7,98.127,8.438413,5.0395,1,0
7,98.327,4.125682,4.9378,1,0
7,98.527,6.868067,4.8525,1,0
7,98.727,6.518055,4.7302,1,0
7,98.927,11.752441,4.6507,1,0
7,99.127,3.19015,4.5202,1,0
7,99.327,5.940285,4.4171,1,0
7,99.527,3.923675,4.3391,1,0
7,99.728,3.212317,4.2767,1,0
7,99.927,7.530755,4.2038,1,0
7,100.127,5.886867,4.0042,1,0
7,100.327,3.228026,3.9227,1,0
7,100.527,3.244651,3.8242,1,0
7,100.727,5.28997,3.6977,1,0
7,100.927,4.465901,3.6199,1,0
7,101.127,4.196516,3.4865,1,0
7,101.327,4.109055,3.3999,1,0
7,101.527,5.289595,3.308,1,0
7,101.727,8.208401,3.1664,1,0
7,101.927,5.879656,3.0755,1,0
7,102.127,4.817954,2.9719,1,0
7,102.327,1.87023,2.8792,1,0
7,102.527,2.382288,2.7595,1,0
7,102.727,2.532918,2.6648,1,0
7,102.927,2.869138,2.559,1,0
7,103.128,1.230041,2.4676,1,0
7,103.327,1.134538,2.37,1,0
7,103.527,1.202206,2.274,1,0
7,103.728,0.900572,2.1556,1,0
7,103.927,2.265326,2.0592,1,0
7,104.127,1.903438,1.9613,1,0
7,104.327,2.07832,1.8677,1,0
7,104.527,0.865821,1.7074,1,0
7,104.727,0.93174,1.6165,1,0
7,104.927,0.90728,1.5198,1,0
7,105.127,1.679223,1.4459,1,0
7,105.327,0.674523,1.2998,1,0
7,105.527,1.389755,1.2022,1,0
7,105.727,0.734899,1.0874,1,0
7,105.927,0.877612,0.992,1,0
7,106.127,0.743191,0.8972,1,0
7,106.327,0.693314,0.83,1,0
7,106.527,0.843153,0.6917,1,0
7,106.728,0.792735,0.6016,1,0
7,106.927,0.910864,0.5054,1,0
7,107.127,0.659897,0.4078,1,0
7,107.327,4.215514,0.3134,1,0
7,107.528,0.832736,0.2608,1,0
7,107.727,1.283459,0.2322,1,0
7,107.927,0.919031,0.2615,1,0
7,108.127,0.694356,0.3102,1,0
7,108.327,1.441714,0.3117,1,0
7,108.527,0.689398,0.28,1,0
7,108.727,0.868862,0.247,1,0
7,108.928,1.023742,0.2173,1,0
7,109.127,0.733691,0.1879,1,0
7,109.328,0.952073,0.1655,1,0
7,109.527,1.042534,0.1239,1,0
7,109.727,0.595103,0.0917,1,0
7,109.927,0.608979,0.0628,1,1
8,114.077,101.991426,12.0218,1,0
8,114.327,1.892519,12.0219,1,0
8,114.327,184.840065,12.0219,1,0
8,114.478,0.857277,12.0178,1,0
8,114.677,1.202414,11.9802,1,0
8,114.877,2.530623,11.9075,1,0
8,115.127,1.747473,11.7639,1,0
8,115.327,2.846133,11.6702,1,0
8,115.527,0.733149,11.5724,1,0
8,115.727,1.017783,11.4646,1,0
8,115.927,0.821235,11.3661,1,0
8,116.127,4.239594,11.2867,1,0
8,116.327,12.159808,11.1699,1,0
8,116.519,1.974105,11.0682,1,0
8,116.727,1.735722,10.9691,1,0
8,116.927,1.754556,10.8697,1,0
8,117.127,1.959937,10.7706,1,0
8,117.327,4.600106,10.6712,1,0
8,117.527,2.263739,10.5721,1,0
8,117.728,2.651127,10.4894,1,0
8,117.927,2.410703,10.3814,1,0
8,118.127,2.015606,10.2741,1,0
8,118.927,29.527816,9.9177,1,0
8,119.127,54.173893,10.2059,1,0
8,119.327,8.530814,9.838,1,0
8,119.527,5.316003,9.7384,1,0
8,119.727,16.259558,9.668,1,0
8,119.927,7.134852,9.7284,1,0
8,120.127,12.295515,9.7455,1,0
8,120.727,13.047039,9.1132,1,0
8,120.927,5.865853,8.9947,1,0
8,121.127,7.918709,8.8567,1,0
8,121.327,8.898406,8.7636,1,0
8,121.527,16.35131,8.6889,1,0
8,121.727,25.814107,8.6811,1,0
8,121.928,14.329911,8.4807,1,0
8,122.127,6.933428,8.4122,1,0
8,122.327,11.961711,8.2796,1,0
8,122.528,13.621264,8.203,1,0
8,122.727,22.652088,8.079,1,0
8,122.927,9.983481,7.972,1,0
8,123.127,4.394555,7.867,1,0
8,123.327,28.849575,7.8459,1,0
8,123.527,14.659461,7.6976,1,0
8,123.728,21.052244,7.5987,1,0
8,123.927,23.729078,7.5336,1,0
8,124.127,6.366991,7.4344,1,0
8,124.327,3.924457,7.2824,1,0
8,124.527,8.138047,7.121,1,0
8,124.727,9.64951,7.1814,1,0
8,125.527,69.658214,6.8196,1,0
8,125.728,48.396884,7.0537,1,0
8,125.927,8.8174,6.8426,1,0
8,126.127,8.23134,6.8375,1,0
8,126.327,38.927963,6.5892,1,0
8,126.528,33.025776,7.0149,1,0
8,126.727,12.632518,6.4506,1,0
8,126.927,12.92986,6.3506,1,0
8,127.127,9.867849,6.2389,1,0
8,127.328,12.228339,6.1512,1,0
8,127.528,8.444679,6.045,1,0
8,127.728,18.760498,5.9626,1,0
8,127.928,16.481886,5.8194,1,0
8,128.127,17.115239,5.7107,1,0
8,128.327,13.611545,5.6135,1,0
8,128.528,13.473958,5.5051,1,0
8,128.728,18.400277,5.3943,1,0
8,128.927,21.969554,5.2674,1,0
8,129.126,15.971785,5.1788,1,0
8,129.327,42.508226,5.0765,1,0
8,129.527,17.251656,4.9991,1,0
8,129.727,7.666819,4.8931,1,0
8,129.927,8.777187,4.7485,1,0
8,130.127,7.56565,4.6595,1,0
8,130.327,11.456352,4.587,1,0
8,130.527,9.969973,4.4734,1,0
8,130.727,5.58913,4.4071,1,0
8,130.927,7.546356,4.3119,1,0
8,131.127,6.506241,4.3609,1,0
8,131.327,8.646307,4.4349,1,0
8,132.125,6.425697,3.568,1,0
8,132.327,3.702405,3.4711,1,0
8,132.527,5.995475,3.367,1,0
8,132.727,43.011313,3.2655,1,0
8,132.927,9.087736,3.169,1,0
8,133.128,9.702712,3.1057,1,0
8,133.327,7.562022,2.9676,1,0
8,133.528,7.335056,2.8616,1,0
8,133.727,11.346261,2.7628,1,0
8,133.927,7.247678,2.6648,1,0
8,134.127,12.01624,2.609,1,0
8,134.327,17.640827,2.4857,1,0
8,134.527,4.04404,2.3768,1,0
8,134.727,6.872917,2.2509,1,0
8,134.928,4.469678,2.1538,1,0
8,135.127,11.506973,2.0556,1,0
8,135.327,5.907387,1.9559,1,0
8,135.527,9.870007,1.8564,1,0
8,135.727,4.538262,1.7554,1,0
8,135.927,6.288815,1.6561,1,0
8,136.127,5.107279,1.5572,1,0
8,136.327,6.435985,1.457,1,0
8,136.527,6.87029,1.4594,1,0
8,136.727,6.289564,1.3415,1,0
8,136.927,12.47496,1.1141,1,0
8,137.126,4.427674,1.0155,1,0
8,137.327,11.34434,0.9164,1,0
8,137.527,6.175894,0.8209,1,0
8,137.728,2.921754,0.6986,1,0
8,137.927,3.438103,0.6212,1,0
8,138.127,2.824626,0.5958,1,0
8,138.327,2.414447,0.4633,1,0
8,138.527,2.928129,0.3233,1,0
8,138.727,1.869972,0.2437,1,0
8,138.927,1.453377,0.1992,1,0
8,139.127,1.865222,0.2558,1,0
8,139.327,2.322319,0.3031,1,0
8,139.527,1.968475,0.3079,1,0
8,139.727,2.175814,0.2783,1,0
8,139.927,2.453115,0.2501,1,0
8,140.127,2.537534,0.213,1,0
8,140.327,2.462406,0.1636,1,0
8,140.526,2.094938,0.1299,1,0
8,140.777,2.112521,0.0896,1,0
8,140.977,2.412405,0.0643,1,1
9,20.416,145.080072,12.5234,1,0
9,20.416,12.401628,12.5234,1,0
9,20.614,0.725993,12.5144,1,0
9,20.816,0.572661,12.4865,1,0
9,21.016,0.984949,12.452,1,0
9,21.216,1.282654,12.4264,1,0
9,21.416,0.562077,12.4177,1,0
9,21.616,0.848616,12.4108,1,0
9,21.817,0.725534,12.4007,1,0
9,22.016,0.641952,12.3868,1,0
9,22.216,1.008699,12.2414,1,0
9,22.416,4.001877,12.1728,1,0
9,22.616,1.898648,12.0686,1,0
9,22.817,1.652567,11.9809,1,0
9,23.015,1.432319,11.8801,1,0
9,23.216,3.289885,11.7814,1,0
9,23.416,1.479736,11.6833,1,0
9,23.616,1.804232,11.5904,1,0
9,23.816,2.433518,11.4958,1,0
9,24.016,1.973856,11.3796,1,0
9,24.216,1.284029,11.2767,1,0
9,24.416,2.048647,11.182,1,0
9,24.616,0.933533,11.0733,1,0
9,24.816,1.932856,10.987,1,0
9,25.016,2.242811,10.8823,1,0
9,25.216,1.197489,10.8062,1,0
9,25.416,1.86044,10.6679,1,0
9,25.666,7.45801,10.5496,1,0
9,25.866,2.462934,10.4492,1,0
9,26.066,2.59485,10.3414,1,0
9,26.266,5.0557,10.2425,1,0
9,26.466,2.328685,10.1429,1,0
9,26.666,9.043618,10.2539,1,0
9,26.866,4.439623,10.1481,1,0
9,27.066,7.668382,10.0526,1,0
9,27.266,3.843587,10.0641,1,0
9,27.466,3.584673,10.1795,1,0
9,27.666,4.849827,10.2719,1,0
9,27.867,4.01346,9.4108,1,0
9,28.066,3.125177,9.3134,1,0
9,28.266,4.03346,9.2211,1,0
9,28.466,4.130751,9.1079,1,0
9,28.666,3.536465,9.0439,1,0
9,28.866,2.755056,8.9422,1,0
9,29.066,3.574881,8.7956,1,0
9,29.266,3.97421,8.721,1,0
9,29.466,4.621496,8.6237,1,0
9,29.666,3.757879,8.4421,1,0
9,29.866,6.394019,8.3041,1,0
9,30.065,3.336675,8.2162,1,0
9,30.266,4.918034,8.0867,1,0
9,30.466,16.344878,7.9953,1,0
9,30.665,6.636892,7.8845,1,0
9,30.867,8.493873,7.7861,1,0
9,31.066,7.876546,7.6885,1,0
9,31.267,4.531371,7.5933,1,0
9,31.466,4.49333,7.4836,1,0
9,31.666,7.022555,7.4169,1,0
9,31.866,4.9602,7.1934,1,0
9,32.066,3.994751,7.1159,1,0
9,32.266,4.468872,7.0517,1,0
9,32.466,3.327008,6.9155,1,0
9,32.666,3.783087,6.8501,1,0
9,32.866,5.149656,6.7592,1,0
9,33.066,3.904877,6.5994,1,0
9,33.266,11.283928,6.5571,1,0
9,33.466,8.315541,6.5597,1,0
9,33.666,2.896262,6.1847,1,0
9,33.866,4.926867,6.0965,1,0
9,34.066,3.02897,5.9032,1,0
9,34.266,4.169208,5.8261,1,0
9,34.466,4.300957,5.7362,1,0
9,34.666,2.585099,5.5582,1,0
9,34.867,10.244063,5.4571,1,0
9,35.066,6.150229,5.3756,1,0
9,35.267,5.524444,5.2846,1,0
9,35.466,15.690591,5.2186,1,0
9,35.666,7.78938,5.2712,1,0
9,35.866,4.398955,4.9577,1,0
9,36.066,5.67336,4.8544,1,0
9,36.265,7.65909,4.7688,1,0
9,36.466,9.931733,4.7094,1,0
9,36.666,6.612474,4.5023,1,0
9,36.866,5.920482,4.4441,1,0
9,37.066,8.72037,4.3625,1,0
9,37.266,5.316487,4.1837,1,0
9,37.466,6.584058,4.0934,1,0
9,37.666,24.01659,4.0197,1,0
9,37.866,17.754694,3.9133,1,0
9,38.066,4.381455,3.7601,1,0
9,38.267,3.652421,3.6632,1,0
9,38.466,3.449423,3.5606,1,0
9,38.666,3.825253,3.4622,1,0
9,38.866,7.24351,3.3667,1,0
9,39.066,5.067782,3.2661,1,0
9,39.266,5.299529,3.19,1,0
9,39.467,6.480434,3.0742,1,0
9,39.666,6.810764,2.9145,1,0
9,39.866,5.291071,2.7803,1,0
9,40.066,5.281029,2.683,1,0
9,40.266,4.854534,2.5871,1,0
9,40.466,19.088722,2.4893,1,0
9,40.666,24.32021,2.3999,1,0
9,40.866,12.575663,2.3196,1,0
9,41.066,3.258467,2.1663,1,0
9,41.267,3.942418,2.0768,1,0
9,41.466,5.828649,1.9746,1,0
9,41.666,3.138093,1.867,1,0
9,41.867,2.212102,1.7792,1,0
9,42.066,4.883409,1.6618,1,0
9,42.267,3.966251,1.5683,1,0
9,42.465,3.344174,1.4582,1,0
9,42.666,2.367476,1.3575,1,0
9,42.916,2.844179,1.2191,1,0
9,43.116,2.314601,1.1261,1,0
9,43.316,1.866106,1.0314,1,0
9,43.516,1.278236,0.9286,1,0
9,43.716,3.828003,0.8338,1,0
9,43.916,1.80669,0.7326,1,0
9,44.116,1.173988,0.6391,1,0
9,44.316,1.164655,0.5236,1,0
9,44.516,1.218487,0.4516,1,0
9,44.716,1.492151,0.3206,1,0
9,44.916,1.192613,0.2395,1,0
9,45.116,1.657983,0.288,1,0
9,45.316,1.094197,0.3389,1,0
9,45.513,1.460694,0.3363,1,0
9,45.716,1.887647,0.3513,1,0
9,45.917,1.29757,0.3497,1,0
9,46.116,1.726024,0.3391,1,0
9,46.316,1.644275,0.3378,1,0
9,46.516,1.342403,0.1794,1,0
9,46.716,1.266487,0.1368,1,0
9,46.916,1.525068,0.1045,1,0
9,47.116,8.073001,0.0736,1,0
9,47.316,5.080364,0.0579,1,1
10,51.267,123.454763,12.0958,1,0
10,51.466,184.290381,12.0958,1,0
10,51.466,2.090312,12.0958,1,0
10,51.666,2.056687,12.0584,1,0
10,51.866,2.397726,11.9983,1,0
10,52.067,1.503651,11.8775,1,0
10,52.266,2.023438,11.8146,1,0
10,52.466,1.869939,11.7326,1,0
10,52.666,2.709055,11.606,1,0
10,52.866,2.09877,11.5232,1,0
10,53.066,2.026062,11.4389,1,0
10,53.266,2.54564,11.2292,1,0
10,53.466,2.216644,11.1461,1,0
10,53.666,2.703013,11.0325,1,0
10,53.866,2.826221,10.9299,1,0
10,54.066,3.317299,10.8301,1,0
10,54.266,1.582816,10.7232,1,0
10,54.466,3.103343,10.623,1,0
10,54.667,4.626868,10.527,1,0
10,54.866,2.977219,10.4185,1,0
10,55.066,1.928605,10.3196,1,0
10,55.266,2.393892,10.2254,1,0
10,55.466,2.209102,10.1186,1,0
10,55.666,3.996083,10.0215,1,0
10,55.866,2.220143,9.9181,1,0
10,56.066,1.826397,9.7998,1,0
10,56.266,29.562233,9.6629,1,0
10,56.466,5.283236,9.5732,1,0
10,56.667,3.88996,9.4574,1,0
10,56.867,26.448015,9.3311,1,0
10,57.066,7.234091,9.2324,1,0
10,57.266,8.373621,9.1355,1,0
10,57.466,18.795429,9.0382,1,0
10,57.667,7.510171,8.9449,1,0
10,57.867,6.06277,8.8406,1,0
10,58.067,16.345328,8.7474,1,0
10,58.267,7.141592,8.6889,1,0
10,58.466,68.122828,8.6349,1,0
10,58.667,35.817292,8.5783,1,0
10,58.866,17.060571,8.4983,1,0
10,59.467,88.367114,8.7647,1,0
10,59.667,26.384474,8.6414,1,0
10,59.667,92.121616,8.6414,1,0
10,59.867,32.99082,8.6071,1,0
10,64.266,57.136229,6.3498,1,0
10,64.466,17.373358,6.4351,1,0
10,64.666,10.636054,6.4378,1,0
10,65.666,27.687707,6.262,1,0
10,65.666,4.046457,6.262,1,0
10,67.966,7.952374,6.7019,1,0
10,67.966,7.104799,6.7019,1,0
10,68.166,12.473659,6.4224,1,0
10,68.366,42.195343,6.2091,1,0
10,68.567,27.124753,6.2652,1,0
10,68.767,8.870905,6.2251,1,0
10,68.965,7.086257,6.2743,1,0
10,69.166,12.536783,6.26,1,0
10,69.367,8.34062,6.2488,1,0
10,69.566,6.697887,6.2329,1,0
10,69.767,8.649782,6.2221,1,0
10,69.967,29.340061,6.2014,1,0
10,70.164,13.346482,6.1485,1,0
10,70.367,9.450815,6.0681,1,0
10,70.567,16.524657,5.9763,1,0
10,70.766,6.382515,5.8215,1,0
10,70.966,53.085099,5.7423,1,0
10,71.166,13.295607,5.5948,1,0
10,71.367,12.707656,5.4971,1,0
10,71.566,8.602408,5.387,1,0
10,71.766,6.544764,5.292,1,0
10,71.966,16.433491,5.1813,1,0
10,72.166,16.651238,5.1,1,0
10,72.366,4.291246,5.0062,1,0
10,72.566,19.925953,4.9149,1,0
10,72.766,9.14686,6.1608,1,0
10,77.166,14.593509,4.7393,1,0
10,77.366,23.861159,4.6848,1,0
10,77.566,8.4567,4.7073,1,0
10,77.766,44.50702,4.7371,1,0
10,77.967,33.253808,4.7761,1,0
10,78.167,8.454784,4.9306,1,0
10,78.366,9.703895,4.9195,1,0
10,78.567,7.329504,4.9348,1,0
10,78.767,25.253935,4.9816,1,0
10,79.767,35.268909,4.4296,1,0
10,79.966,24.102614,4.3586,1,0
10,80.167,42.007003,4.1945,1,0
10,80.367,18.11572,4.0936,1,0
10,80.566,9.135817,3.9945,1,0
10,80.966,20.617651,3.7726,1,0
10,80.966,108.881153,3.7726,1,0
10,81.166,12.628405,3.7154,1,0
10,81.367,43.915064,3.5637,1,0
10,81.567,56.603385,3.5423,1,0
10,81.767,9.894351,3.3254,1,0
10,81.966,29.507096,3.1994,1,0
10,82.163,12.856319,3.0925,1,0
10,82.366,15.851452,2.9937,1,0
10,82.567,40.864597,2.8942,1,0
10,82.767,18.963835,2.8035,1,-2
11,30.863,5.835778,12.4236,1,0
11,30.863,114.0887,12.4236,1,0
11,31.062,0.824236,12.4228,1,0
11,31.262,1.059524,12.397,1,0
11,31.462,0.902776,12.3581,1,0
11,31.662,3.084824,12.3294,1,0
11,31.862,1.386477,12.2235,1,0
11,32.062,0.925027,12.1862,1,0
11,32.262,1.253604,12.1477,1,0
11,32.462,0.898318,12.115,1,0
11,32.662,1.041567,12.0891,1,0
11,32.862,0.908193,12.0763,1,0
11,33.062,3.776104,12.0609,1,0
11,33.262,3.036408,12.0388,1,0
11,33.463,2.417127,11.9301,1,0
11,33.662,1.558349,11.8496,1,0
11,33.863,1.600682,11.7254,1,0
11,34.062,2.215672,11.6291,1,0
11,34.263,1.452435,11.5025,1,0
11,34.462,2.375127,11.3929,1,0
11,34.662,1.638014,11.3255,1,0
11,34.862,10.290371,11.1253,1,0
11,35.062,8.581692,11.028,1,0
11,35.262,2.612373,10.9345,1,0
11,35.462,2.396752,10.9395,1,0
11,35.66,2.051174,10.7355,1,0
11,35.862,1.142231,10.5454,1,0
11,36.062,1.616806,10.4708,1,0
11,36.263,2.0273,10.3775,1,0
11,36.462,1.64714,10.3471,1,0
11,36.662,2.07005,10.3624,1,0
11,36.862,2.355836,10.4214,1,-2
12,12.957,134.475761,12.2513,1,0
12,12.957,7.760816,12.2513,1,0
12,13.157,0.575356,12.2441,1,0
12,13.357,0.500854,12.227,1,0
12,13.557,0.612859,12.1981,1,0
12,13.757,0.697862,12.1758,1,0
12,13.957,0.622775,12.1689,1,0
12,14.157,0.457269,12.1688,1,0
12,14.357,0.772365,12.1582,1,0
12,14.557,0.574857,12.12,1,0
12,14.757,0.965123,12.0444,1,0
12,14.957,0.782532,11.9759,1,0
12,15.157,0.988206,11.9092,1,0
12,15.357,0.848284,11.8232,1,0
12,15.557,0.543605,11.8086,1,0
12,15.757,0.521438,11.6095,1,0
12,15.957,1.048875,11.5025,1,0
12,16.157,0.864618,11.3761,1,0
12,16.357,0.49377,11.2669,1,0
12,16.558,4.001411,11.1762,1,0
12,16.757,0.476519,11.0807,1,0
12,16.957,0.457102,10.9489,1,0
12,17.157,3.049498,10.8425,1,0
12,17.357,1.790197,10.752,1,0
12,17.557,2.309802,10.6137,1,0
12,17.757,5.911155,10.5397,1,0
12,17.957,2.115835,10.4115,1,0
12,18.157,2.156171,10.3313,1,0
12,18.958,11.258536,9.7962,1,0
12,19.157,16.724881,10.4155,1,0
12,19.357,3.341801,10.3281,1,0
12,19.557,3.030413,10.226,1,0
12,19.757,2.438973,10.1185,1,0
12,20.007,6.729312,10.5773,1,0
12,20.207,31.500055,11.0977,1,0
12,20.607,5.367424,12.6695,1,0
12,20.807,5.385465,12.7671,1,0
12,21.007,17.854299,12.8322,1,0
12,21.207,2.762694,12.8609,1,0
12,21.407,5.918778,12.8436,1,0
12,21.607,6.572805,12.8276,1,0
12,21.757,6.202206,12.7636,1,0
12,22.007,11.437916,11.4882,1,0
12,22.207,5.409258,11.3619,1,0
12,22.407,5.606391,11.4489,1,0
12,22.608,3.869571,11.4185,1,0
12,22.807,2.983411,11.3796,1,0
12,23.007,5.454342,11.2377,1,0
12,23.207,5.498761,11.3042,1,0
12,23.407,3.304548,11.2822,1,0
12,23.607,3.727316,11.2775,1,0
12,23.807,4.496929,11.2714,1,0
12,24.007,3.298548,11.2203,1,0
12,24.207,2.642605,11.2138,1,0
12,24.407,2.706524,11.2101,1,0
12,24.607,4.30363,9.9413,1,0
12,24.807,7.140243,9.9826,1,0
12,25.007,2.867155,9.9825,1,0
12,25.207,3.840861,9.9537,1,0
12,25.407,6.166204,9.9218,1,0
12,25.607,7.752308,11.2477,1,0
12,25.807,5.157371,11.2863,1,0
12,26.007,5.644891,11.2956,1,0
12,26.207,4.535388,12.6692,1,0
12,26.407,7.274747,12.6363,1,-2
13,13.013,17.710272,12.7001,1,0
13,13.013,133.127278,12.7001,1,0
13,13.263,1.984438,12.6957,1,0
13,13.463,0.690063,12.654,1,0
13,13.663,0.672938,12.6173,1,0
13,13.864,1.058783,12.5867,1,0
13,14.064,0.661813,12.5767,1,0
13,14.263,0.975906,12.5962,1,0
13,14.463,1.11166,12.6304,1,0
13,14.663,0.678022,12.7269,1,0
13,14.863,0.787191,12.7497,1,0
13,15.063,1.25529,12.5974,1,0
13,15.263,1.179454,12.5649,1,0
13,15.463,0.689731,12.5384,1,0
13,15.663,0.794734,12.5386,1,0
13,15.863,0.556643,12.0627,1,0
13,16.063,1.011698,11.9761,1,0
13,16.263,1.114369,11.8976,1,0
13,16.464,0.833735,11.8014,1,0
13,16.662,0.572476,11.6631,1,0
13,16.863,1.237372,11.5637,1,0
13,17.063,0.884153,11.4789,1,0
13,17.263,1.022574,11.4,1,0
13,17.463,6.669252,11.3959,1,0
13,17.863,1.705345,11.0808,1,0
13,18.063,2.551039,10.9014,1,0
13,18.264,1.174537,10.7755,1,0
13,18.463,1.369251,10.6776,1,0
13,18.663,2.620291,10.5645,1,0
13,18.862,1.177579,10.4714,1,0
13,19.063,1.877642,10.3656,1,0
13,19.263,1.84835,10.2649,1,0
13,19.463,11.555822,10.1686,1,0
13,19.663,4.185924,10.0505,1,0
13,19.863,2.341698,9.9609,1,0
13,20.063,2.180777,9.8504,1,0
13,20.263,2.751253,9.7492,1,0
13,20.463,10.599708,9.7779,1,0
13,20.663,8.045503,9.6784,1,0
13,21.863,5.457296,9.0791,1,0
13,22.063,5.307917,9.0168,1,0
13,22.263,2.798712,8.9268,1,0
13,22.46,4.022626,8.8302,1,0
13,22.663,6.724627,8.7133,1,0
13,22.863,3.869746,8.5095,1,0
13,23.064,7.959832,8.4202,1,0
13,23.263,4.853734,8.323,1,0
13,23.463,3.910456,8.6436,1,0
13,23.663,14.560955,8.5461,1,0
13,23.863,8.985322,8.4565,1,0
13,24.064,4.475056,9.1504,1,0
13,24.263,4.933487,9.1906,1,0
13,28.263,3.948581,9.1407,1,0
13,28.464,3.943789,9.0817,1,0
13,28.663,3.17014,9.0234,1,0
13,28.863,3.961915,8.937,1,0
13,29.063,4.667144,8.8261,1,0
13,29.263,4.185463,8.7528,1,0
13,29.463,4.158295,8.6661,1,0
13,29.663,4.490639,8.5358,1,0
13,29.863,3.032427,8.4667,1,0
13,30.06,2.910465,8.3447,1,0
13,30.263,2.438117,8.2587,1,0
13,30.463,5.223911,8.1355,1,0
13,30.663,6.59287,8.0527,1,0
13,30.863,5.847763,7.9544,1,0
13,31.064,4.718854,7.8601,1,0
13,31.263,4.415594,7.7594,1,0
13,31.463,2.83192,7.6638,1,0
13,31.664,4.705561,7.5732,1,0
13,31.863,5.140075,7.4184,1,0
13,32.063,8.767103,7.2666,1,0
13,32.263,12.061121,7.1317,1,0
13,32.464,4.780897,7.0233,1,0
13,32.663,4.174254,6.9383,1,0
13,32.863,3.80045,6.8152,1,0
13,33.063,5.775636,6.714,1,0
13,33.263,9.210075,6.6458,1,0
13,33.463,10.081809,6.5802,1,0
13,33.663,8.326756,6.5775,1,0
13,33.863,4.935193,6.4982,1,0
13,34.063,4.267256,6.4219,1,0
13,34.263,3.10347,6.3807,1,0
13,34.463,2.664665,6.3759,1,0
13,34.663,3.5164,6.4025,1,0
13,34.863,5.522044,6.4241,1,0
13,35.063,3.078261,6.4203,1,0
13,35.263,2.869963,6.4101,1,0
13,35.463,3.222057,6.4085,1,0
13,35.663,5.168325,6.3843,1,0
13,35.863,3.840076,6.3877,1,0
13,36.063,3.707572,6.3806,1,0
13,36.263,3.184348,6.3714,1,0
13,36.464,3.796116,6.3811,1,0
13,36.663,2.690333,6.3159,1,0
13,36.863,2.215234,6.2813,1,0
13,37.064,4.476428,6.2646,1,0
13,37.263,4.699143,6.1003,1,0
13,37.464,3.553566,6.0411,1,0
13,37.663,3.540982,5.8782,1,0
13,37.863,8.632055,5.7701,1,0
13,38.063,5.530418,5.6911,1,0
13,38.263,12.447129,5.5892,1,0
13,38.463,8.803351,5.4763,1,0
13,38.663,6.450572,5.3928,1,0
13,38.863,8.145956,5.2596,1,0
13,39.063,9.057692,5.1553,1,0
13,39.263,6.104686,5.0583,1,0
13,39.464,7.958283,4.9664,1,0
13,39.663,14.734614,4.8762,1,0
13,39.863,5.864886,4.8145,1,0
13,40.064,7.9637,4.6732,1,0
13,40.263,7.126967,4.5754,1,0
13,40.463,17.017015,4.4783,1,0
13,40.663,23.156577,4.375,1,0
13,40.864,9.088275,4.2854,1,0
13,41.114,7.845154,4.2248,1,0
13,41.313,25.376018,4.145,1,0
13,41.513,33.608725,4.2034,1,0
13,41.713,7.012462,3.8133,1,0
13,41.913,9.057691,3.744,1,0
13,42.114,7.061172,3.5807,1,0
13,42.314,4.173542,3.4811,1,0
13,42.513,3.607192,3.3804,1,0
13,42.714,3.592233,3.2803,1,0
13,42.913,4.068164,3.1864,1,0
13,43.113,4.959024,3.0983,1,0
13,43.313,24.731038,3.0068,1,0
13,43.513,12.576463,2.9499,1,0
13,43.713,2.319986,2.746,1,0
13,43.914,2.976257,2.6468,1,0
13,44.113,2.384405,2.5432,1,0
13,44.313,2.401531,2.4443,1,0
13,44.513,2.361904,2.3449,1,0
13,44.714,2.444949,2.2514,1,0
13,44.913,2.86492,2.1979,1,0
13,45.113,5.026859,2.01,1,0
13,45.313,2.830127,1.9125,1,0
13,45.513,2.128439,1.8351,1,0
13,45.713,4.592179,1.7163,1,0
13,45.914,2.111397,1.596,1,0
13,46.113,2.260026,1.4976,1,0
13,46.314,1.942683,1.3964,1,0
13,46.513,3.252514,1.2957,1,0
13,46.713,5.168364,1.1972,1,0
13,46.913,2.735707,1.0967,1,0
13,47.113,2.722748,0.998,1,0
13,47.313,11.712892,0.9048,1,0
13,47.514,15.54359,0.8296,1,0
13,47.713,2.555785,0.7091,1,0
13,47.913,2.762791,0.6138,1,0
13,48.113,2.439198,0.517,1,0
13,48.313,4.158291,0.4206,1,0
13,48.514,4.768059,0.3261,1,0
13,48.713,2.990964,0.2389,1,0
13,48.913,1.760803,0.2632,1,0
13,49.114,2.683414,0.3047,1,0
13,49.313,2.320611,0.3075,1,0
13,49.513,2.112813,0.2784,1,0
13,49.713,1.730468,0.2441,1,0
13,49.914,2.085978,0.2093,1,0
13,50.113,8.53363,0.2215,1,0
13,50.313,7.304134,0.2559,1,0
13,50.514,3.297974,0.1209,1,0
13,50.713,3.20472,0.0842,1,0
13,50.914,1.252037,0.056,1,1
14,54.214,6.299187,12.6837,1,0
14,54.214,124.614855,12.6837,1,0
14,54.411,1.410041,12.6642,1,0
14,54.613,1.12195,12.5479,1,0
14,54.813,1.159284,12.4503,1,0
14,55.014,0.743064,12.3734,1,0
14,55.213,0.737105,12.2619,1,0
14,55.413,2.072686,12.1717,1,0
14,55.613,0.741522,12.0481,1,0
14,55.813,0.701604,11.9594,1,0
14,56.013,0.788773,11.8676,1,0
14,56.213,0.756272,11.7575,1,0
14,56.414,2.249692,11.654,1,0
14,56.613,1.054489,11.5609,1,0
14,56.813,1.005155,11.4782,1,0
14,57.013,0.856525,11.3615,1,0
14,57.213,1.285621,11.2798,1,0
14,57.413,1.022655,11.2233,1,0
14,57.613,4.919395,10.9866,1,0
14,57.813,3.514186,10.8939,1,0
14,58.014,6.829242,10.8144,1,0
14,58.213,4.753181,10.6743,1,0
14,58.413,14.408965,10.9215,1,0
14,58.613,11.09866,11.1533,1,0
14,58.813,8.981139,11.4498,1,0
14,59.013,5.593956,11.2485,1,0
14,59.213,5.04469,11.156,1,0
14,59.413,8.60792,11.5197,1,0
14,59.613,2.955045,11.518,1,0
14,59.813,7.410343,10.4104,1,0
14,60.013,4.272792,10.2935,1,0
14,60.213,5.400616,10.1005,1,0
14,60.413,3.317389,10.0992,1,0
14,60.613,5.307614,10.0904,1,0
14,60.813,9.153851,10.0866,1,0
14,61.013,8.407163,9.9496,1,0
14,61.213,4.965228,9.9396,1,0
14,61.413,9.158059,9.9851,1,0
14,61.614,48.930012,9.9709,1,0
14,62.014,23.272055,10.9607,1,0
14,62.014,72.990924,10.9607,1,0
14,62.213,5.152401,11.0128,1,0
14,62.413,5.081356,10.9735,1,0
14,62.613,9.743326,10.971,1,0
14,62.814,6.510231,10.9994,1,0
14,63.014,35.080982,10.9419,1,0
14,63.214,16.629235,10.6169,1,0
14,63.414,6.694112,10.9542,1,0
14,63.613,9.506443,10.5282,1,0
14,63.814,5.116774,10.4772,1,0
14,64.014,18.241447,9.612,1,0
14,64.413,18.445869,9.3273,1,0
14,64.613,3.355389,8.9427,1,0
14,65.613,4.317417,9.5533,1,0
14,65.813,4.048034,9.4332,1,0
14,66.013,3.553562,9.3458,1,0
14,66.213,7.025371,9.2212,1,0
14,66.413,3.524061,9.127,1,0
14,66.613,7.203833,9.0195,1,0
14,66.813,3.326138,8.9125,1,0
14,67.013,39.575813,8.8149,1,0
14,67.213,8.733836,8.7167,1,0
14,67.413,3.437016,8.5093,1,0
14,67.613,3.128424,8.4692,1,0
14,67.813,2.930793,8.3897,1,0
14,68.013,2.921626,7.9382,1,0
14,68.213,2.292024,7.8791,1,0
14,68.463,2.814248,7.8884,1,0
14,68.663,2.692536,7.9767,1,0
14,68.863,2.07506,7.9604,1,0
14,69.263,6.744694,7.5047,1,0
14,69.463,5.109731,7.3715,1,-2
15,12.658,156.914537,12.5314,1,0
15,12.658,7.799089,12.5314,1,0
15,12.858,1.160156,12.5254,1,0
15,13.058,0.946734,12.5129,1,0
15,13.257,8.443938,12.5184,1,0
15,13.457,4.520706,12.7058,1,0
15,13.657,2.412233,12.706,1,0
15,13.858,1.874051,12.7003,1,0
15,14.057,1.880968,12.6615,1,0
15,14.257,1.548459,12.5841,1,0
15,14.457,1.51375,12.4857,1,0
15,14.657,1.77284,12.3478,1,0
15,14.858,1.73338,12.2534,1,0
15,15.057,1.636836,12.1712,1,0
15,15.257,1.815591,12.0898,1,0
15,15.457,1.251742,11.9975,1,0
15,15.657,1.918136,11.8974,1,0
15,15.857,1.523958,11.8213,1,0
15,16.057,26.484012,11.6835,1,0
15,16.257,7.081859,11.68,1,0
15,16.457,2.830661,11.155,1,0
15,16.657,3.794978,11.1199,1,0
15,16.857,2.316854,11.1107,1,0
15,17.057,2.055431,11.0673,1,0
15,17.257,2.356814,11.0001,1,0
15,17.503,3.042916,10.9355,1,0
15,17.707,1.968887,10.8579,1,0
15,17.907,1.647294,10.7164,1,0
15,18.107,6.108291,10.6427,1,0
15,18.307,9.728471,10.6399,1,0
15,18.507,13.883209,10.4701,1,0
15,18.707,4.913091,10.4045,1,0
15,18.907,4.977301,10.0639,1,0
15,19.107,5.086887,9.9389,1,0
15,19.307,4.080611,9.8201,1,0
15,19.507,4.719544,9.7212,1,0
15,19.707,4.387202,9.6258,1,0
15,19.907,5.092387,9.5881,1,0
15,21.507,7.137734,10.266,1,0
15,21.707,2.54711,10.2609,1,0
15,21.907,5.817282,10.2684,1,0
15,22.107,7.331197,10.3378,1,0
15,22.307,6.252585,10.3229,1,0
15,22.507,5.239932,10.3288,1,0
15,22.707,4.631957,10.3588,1,0
15,22.907,4.441369,10.3647,1,0
15,23.107,5.459771,10.4601,1,0
15,23.307,6.431089,10.3983,1,0
15,23.507,5.419771,10.3827,1,0
15,23.908,7.65508,10.1867,1,0
15,24.108,2.539526,10.1699,1,0
15,24.308,5.887408,10.1041,1,0
15,24.507,13.581197,10.11,1,0
15,24.707,6.853642,10.1376,1,0
15,24.907,9.014699,10.2066,1,0
15,25.107,15.775755,10.1926,1,0
15,25.307,10.491781,9.9729,1,0
15,25.501,12.122407,10.0069,1,0
15,25.707,5.916241,9.9005,1,0
15,25.907,8.073091,9.8062,1,0
15,26.107,8.241636,9.7086,1,0
15,26.307,70.833849,10.8498,1,0
15,26.507,7.500867,10.7541,1,0
15,26.707,7.429615,10.599,1,0
15,26.907,16.273267,10.9269,1,0
15,27.107,14.193878,9.226,1,0
15,27.307,11.837107,9.1082,1,0
15,27.507,6.008369,9.0482,1,0
15,27.707,17.761681,8.9402,1,0
15,27.908,12.850842,8.8673,1,0
15,28.107,6.307417,8.7183,1,0
15,28.307,10.616574,8.6483,1,0
15,28.507,8.982906,8.6006,1,0
15,28.705,7.441781,8.5828,1,0
15,28.907,7.436948,8.5338,1,0
15,29.107,29.41274,8.4373,1,0
15,29.307,12.135698,8.3424,1,0
15,29.508,21.527072,8.2504,1,0
15,29.707,75.1057,8.2884,1,0
15,29.908,10.298524,8.1014,1,0
15,30.107,61.795181,8.1988,1,0
15,30.308,12.469831,8.2838,1,0
15,30.507,11.563848,8.2781,1,0
15,30.708,11.895899,8.2708,1,0
15,30.907,7.868541,8.2666,1,0
15,31.108,6.882474,8.2114,1,0
15,31.307,11.46097,8.0093,1,0
15,31.507,8.049922,7.9212,1,0
15,31.705,8.659271,8.2557,1,0
15,31.906,7.093645,8.3477,1,0
15,32.107,7.073353,8.3859,1,0
15,32.307,20.338705,8.3871,1,0
15,32.507,8.101922,7.4751,1,0
15,32.707,5.425394,7.4972,1,0
15,32.906,7.775705,7.5074,1,0
15,33.107,6.379419,7.5351,1,0
15,33.307,5.385476,7.5665,1,0
15,33.504,9.426165,7.7923,1,0
15,33.707,6.317792,7.7953,1,0
15,33.907,10.17806,7.8188,1,0
15,34.108,19.88444,7.858,1,0
15,34.307,9.235118,7.8968,1,0
15,34.508,21.634402,8.3675,1,0
15,34.707,12.868255,8.5908,1,0
15,34.907,8.27876,8.5835,1,0
15,35.106,10.208686,8.7093,1,0
15,35.307,12.096276,8.8931,1,0
15,35.507,18.566404,9.0438,1,0
15,35.708,42.025896,10.0382,1,0
15,35.905,44.618172,10.4931,1,0
15,36.107,17.639379,10.4189,1,0
15,36.307,7.726494,10.3803,1,0
15,36.507,7.369568,10.5247,1,0
15,36.708,6.197579,10.5271,1,0
15,36.907,11.234753,10.5484,1,0
15,37.108,10.134016,10.5016,1,0
15,37.308,9.351203,10.4555,1,0
15,37.508,7.06681,10.4373,1,-2
16,10.801,173.674542,12.1386,1,0
16,10.801,9.001041,12.1386,1,0
16,11.0,0.775059,12.1293,1,0
16,11.201,0.87827,12.1114,1,0
16,11.4,0.973189,12.0931,1,0
16,11.6,1.399699,12.0708,1,0
16,11.8,0.780726,12.0603,1,0
16,12.0,1.171944,12.066,1,0
16,12.2,1.100942,12.0667,1,0
16,12.396,0.897854,12.0335,1,0
16,12.6,1.978837,11.9491,1,0
16,12.8,0.593431,11.8506,1,0
16,13.001,5.234745,11.7513,1,0
16,13.2,2.497808,11.6505,1,0
16,13.4,1.971337,11.551,1,0
16,13.6,1.897085,11.4668,1,0
16,13.8,2.023339,11.3645,1,0
16,14.0,4.483645,11.2421,1,0
16,14.2,1.377948,11.1575,1,0
16,14.4,1.981378,11.0475,1,0
16,14.6,2.594059,10.99,1,0
16,14.8,2.175592,10.8433,1,0
16,15.0,6.109515,10.7433,1,0
16,15.2,3.626416,10.6447,1,0
16,15.4,2.064797,10.5494,1,0
16,15.6,3.240491,10.447,1,0
16,15.8,10.915958,10.4737,1,0
16,16.0,6.941867,10.374,1,0
16,16.2,3.288242,10.2659,1,0
16,16.4,4.144386,10.1907,1,0
16,16.6,2.450848,9.9761,1,0
16,16.8,3.034153,9.863,1,0
16,17.0,2.699395,9.7621,1,0
16,17.2,4.019966,9.6945,1,0
16,17.4,7.511421,9.5696,1,0
16,17.6,3.365743,9.4852,1,0
16,17.8,5.067824,9.37,1,0
16,18.0,5.48175,9.2718,1,0
16,18.2,7.724551,9.1583,1,0
16,18.4,5.874509,9.0645,1,0
16,18.6,4.150303,8.9901,1,0
16,18.8,5.885426,8.9028,1,0
16,19.0,3.783211,8.8302,1,0
16,19.201,6.335644,8.7625,1,0
16,19.4,3.666042,8.5397,1,0
16,19.6,27.919384,8.4163,1,0
16,19.801,35.337802,8.297,1,0
16,20.0,4.85436,8.2003,1,0
16,20.2,5.196951,8.1039,1,0
16,20.4,4.869527,8.029,1,0
16,20.601,8.782741,8.0133,1,0
16,20.8,15.456558,8.0706,1,0
16,21.001,34.048729,7.5785,1,0
16,21.2,12.607327,7.4706,1,0
16,21.4,7.857095,7.3727,1,0
16,21.598,16.801256,7.2618,1,0
16,21.8,6.671734,7.1461,1,0
16,22.0,7.440668,7.0355,1,0
16,22.2,5.328954,6.9395,1,0
16,22.401,8.607194,6.8338,1,0
16,22.6,3.489746,6.7366,1,0
16,22.8,6.663151,6.6585,1,0
16,23.0,15.169717,6.5048,1,0
16,23.2,4.336223,6.4243,1,0
16,23.4,9.105372,6.276,1,0
16,23.601,7.592505,6.2812,1,0
16,23.801,5.947384,6.1755,1,0
16,24.0,6.378935,6.0732,1,0
16,24.2,12.115731,6.0083,1,0
16,24.401,9.944516,5.9131,1,0
16,24.6,8.08514,5.7969,1,0
16,24.8,2.888023,5.687,1,0
16,24.998,3.940589,5.5779,1,0
16,25.2,3.742459,5.4804,1,0
16,25.4,4.619395,5.5493,1,0
16,25.6,3.515746,5.3523,1,0
16,25.799,3.404993,5.2468,1,0
16,26.0,3.070902,5.1398,1,0
16,26.2,5.753212,6.2257,1,0
16,26.4,4.834651,6.1434,1,0
16,26.601,2.879982,6.0871,1,0
16,26.8,3.211364,6.0429,1,0
16,27.001,6.523771,5.9855,1,0
16,27.2,6.30835,5.9314,1,0
16,27.4,4.451724,5.8557,1,0
16,27.6,4.345306,5.8077,1,0
16,27.847,5.566375,5.7669,1,0
16,28.05,5.252659,5.7866,1,0
16,28.65,2.794604,4.5666,1,0
16,28.85,4.94786,4.4769,1,0
16,29.05,2.695519,4.3846,1,0
16,29.25,4.798899,4.3039,1,0
16,29.45,3.618914,4.1295,1,0
16,29.65,3.386243,4.0608,1,0
16,29.85,4.203802,4.004,1,0
16,30.051,2.566224,3.7483,1,0
16,30.25,4.466724,3.6265,1,0
16,30.45,3.689124,3.5379,1,0
16,30.65,2.18359,3.4499,1,0
16,30.85,3.074026,3.288,1,0
16,31.05,3.60158,3.1524,1,0
16,31.25,6.52227,3.0325,1,0
16,31.451,2.205175,2.9412,1,0
16,31.65,2.716727,2.8293,1,0
16,31.85,4.737647,2.7344,1,0
16,32.05,4.075674,2.6352,1,0
16,32.25,6.371892,2.5425,1,0
16,32.45,3.708333,2.445,1,0
16,32.65,6.385475,2.3583,1,0
16,32.85,5.186282,2.2768,1,0
16,33.05,8.108013,2.1122,1,0
16,33.25,4.735688,2.0135,1,0
16,33.45,7.94126,1.913,1,0
16,33.65,47.714474,1.8176,1,0
16,33.85,19.866024,1.7274,1,0
16,34.05,5.19074,1.6451,1,0
16,34.25,3.789667,1.5067,1,0
16,34.45,4.237927,1.4276,1,0
16,34.65,3.794168,1.3654,1,0
16,34.85,2.892689,1.2122,1,0
16,35.05,2.701393,1.0566,1,0
16,35.25,2.916148,0.9568,1,0
16,35.45,2.302259,0.8538,1,0
16,35.651,7.807881,0.7571,1,0
16,35.85,6.929362,0.6872,1,0
16,36.051,5.147156,0.5881,1,0
16,36.25,2.665684,0.4965,1,0
16,36.45,4.058422,0.4055,1,0
16,36.65,2.566265,0.3237,1,0
16,36.85,2.125213,0.2362,1,0
16,37.05,0.828101,0.1996,1,0
16,37.25,6.613979,0.2248,1,0
16,37.451,3.145319,0.2535,1,0
16,37.65,1.723204,0.2457,1,0
16,37.85,2.34101,0.2157,1,0
16,38.048,8.530896,0.1849,1,0
16,38.25,1.669453,0.1503,1,0
16,38.45,0.882061,0.1187,1,0
16,38.65,0.600263,0.09,1,1
17,42.65,1.802956,12.3535,1,0
17,42.65,122.318256,12.3535,1,0
17,42.85,1.421239,12.3433,1,0
17,43.05,0.850685,12.2758,1,0
17,43.25,0.879644,12.1954,1,0
17,43.45,0.920728,12.0914,1,0
17,43.65,0.919437,11.981,1,0
17,43.85,0.900228,11.8963,1,0
17,44.05,6.049923,11.7821,1,0
17,44.25,7.290951,11.6923,1,0
17,44.45,2.958356,11.5603,1,0
17,44.65,1.806998,11.4622,1,0
17,44.85,1.515324,11.3748,1,0
17,45.05,1.431322,11.2798,1,0
17,45.25,1.525033,11.1537,1,0
17,45.45,2.479346,11.0509,1,0
17,45.65,1.989835,10.9559,1,0
17,45.85,2.678391,10.857,1,0
17,46.05,1.937708,10.811,1,0
17,46.25,1.273778,10.469,1,0
17,46.451,0.949187,10.3926,1,0
17,46.65,4.734978,10.313,1,0
17,46.85,0.753892,10.1703,1,0
17,47.05,2.36901,10.1384,1,0
17,47.25,6.938151,10.0517,1,0
17,47.45,0.882561,9.856,1,0
17,47.65,0.860352,9.713,1,0
17,47.85,0.838685,9.6115,1,0
17,48.05,5.660581,9.5316,1,0
17,48.25,2.016627,9.3979,1,0
17,48.45,2.657974,9.2997,1,0
17,48.65,2.116713,9.2004,1,0
17,48.851,7.620206,9.1095,1,0
17,49.05,3.190111,9.0023,1,0
17,49.25,2.991982,8.9323,1,0
17,49.45,2.461053,8.8231,1,0
17,49.65,2.059045,8.7468,1,0
17,49.85,2.821769,8.692,1,0
17,50.05,7.282241,8.4458,1,0
17,50.251,2.185839,8.3619,1,0
17,50.45,2.890437,8.3266,1,0
17,50.65,2.980814,8.0547,1,0
17,50.85,3.444616,7.961,1,0
17,51.05,3.513243,7.8766,1,0
17,51.249,5.239405,7.7868,1,0
17,51.45,5.173445,7.7554,1,0
17,51.651,3.993378,7.6203,1,0
17,51.85,3.609578,7.5093,1,0
17,52.051,3.538076,7.5616,1,0
17,52.25,4.114797,7.5203,1,0
17,52.45,15.583418,7.4694,1,0
17,52.65,7.924337,7.8156,1,0
17,52.85,3.452866,7.7672,1,0
17,53.05,5.695122,7.8268,1,0
17,53.25,5.524744,7.354,1,0
17,53.451,5.998004,7.2533,1,0
17,54.45,31.299797,6.782,1,0
17,54.65,21.59713,6.8154,1,0
17,54.85,4.820895,6.7785,1,0
17,55.05,5.520076,6.7347,1,0
17,55.25,4.222882,6.7906,1,0
17,55.45,6.520973,6.5287,1,0
17,55.65,6.14059,6.5331,1,0
17,55.85,3.672203,6.2611,1,0
17,56.051,6.765603,6.1243,1,0
17,56.25,5.02819,6.1029,1,0
17,56.45,5.226862,6.0909,1,0
17,56.65,6.419845,6.0919,1,0
17,56.85,4.404094,6.0652,1,0
17,57.05,5.922251,5.9942,1,0
17,57.25,7.623787,5.9049,1,0
17,57.45,4.264258,5.7945,1,0
17,57.65,5.99617,5.7101,1,0
17,57.85,3.895458,5.6247,1,0
17,58.051,6.539015,5.5342,1,0
17,58.25,9.908836,5.4324,1,0
17,58.45,11.786751,5.3306,1,0
17,58.65,5.090691,5.2341,1,0
17,58.85,7.53616,5.1405,1,0
17,59.05,5.120234,5.0316,1,0
17,59.251,5.08565,4.934,1,0
17,59.448,3.465907,4.8342,1,0
17,59.65,4.321633,4.7327,1,0
17,59.848,5.375531,4.6343,1,0
17,60.051,7.677664,4.5355,1,0
17,60.25,3.812081,4.4377,1,0
17,60.451,6.766436,4.3418,1,0
17,60.65,5.467282,4.228,1,0
17,60.85,6.060504,4.1294,1,0
17,61.05,5.42924,4.031,1,0
17,61.251,5.697996,3.9321,1,0
17,61.451,4.465095,3.8328,1,0
17,61.65,5.108066,3.7334,1,0
17,61.85,5.974418,3.6355,1,0
17,62.051,12.299927,3.5369,1,0
17,62.25,5.888375,3.4285,1,0
17,62.45,5.684871,3.3292,1,0
17,62.65,3.177442,3.2292,1,0
17,62.85,2.629764,3.1301,1,0
17,63.051,4.785393,3.0398,1,0
17,63.25,1.091273,2.9404,1,0
17,63.45,3.586867,2.8291,1,0
17,63.65,2.017917,2.7153,1,0
17,63.85,1.361529,2.617,1,0
17,64.051,3.013355,2.5274,1,0
17,64.25,2.690932,2.5587,1,0
17,64.45,2.541553,2.2388,1,0
17,64.651,1.770038,2.159,1,0
17,64.85,2.547762,2.0411,1,0
17,65.05,2.290839,1.9747,1,0
17,65.247,1.243734,1.7879,1,0
17,65.45,1.02598,1.6929,1,0
17,65.7,1.474489,1.5713,1,0
17,65.85,0.753808,1.5193,1,0
17,66.05,0.822892,1.3148,1,0
17,66.3,0.679972,1.191,1,0
17,66.5,0.71114,1.0917,1,0
17,66.7,0.781391,1.0038,1,0
17,66.9,2.557929,0.9034,1,0
17,67.1,1.144649,0.8278,1,0
17,67.3,1.339279,0.7526,1,0
17,67.5,1.006313,0.6375,1,0
17,67.7,0.754807,0.55,1,0
17,67.9,0.695639,0.4616,1,0
17,68.1,0.765307,0.3158,1,0
17,68.3,0.86456,0.2215,1,0
17,68.5,0.926478,0.2338,1,0
17,68.7,0.771599,0.2851,1,0
17,68.9,0.989062,0.3066,1,0
17,69.101,0.828643,0.3036,1,0
17,69.301,0.999063,0.2744,1,0
17,69.501,0.86031,0.2205,1,0
17,69.7,1.147441,0.1963,1,0
17,69.9,1.283818,0.1661,1,0
17,70.1,0.908519,0.1364,1,0
17,70.3,2.165795,0.1061,1,0
17,70.5,1.655034,0.0809,1,1
18,74.149,3.654242,13.0424,1,0
18,74.351,1.414071,13.041,1,0
18,74.55,1.143357,13.0233,1,0
18,74.75,1.506489,12.9078,1,0
18,74.95,1.971749,12.8224,1,0
18,75.15,6.526636,12.7433,1,0
18,75.35,1.899414,12.6623,1,0
18,75.55,2.264589,12.563,1,0
18,75.75,1.480822,12.4078,1,0
18,75.95,1.289819,12.3186,1,0
18,76.15,1.453364,12.2152,1,0
18,76.35,0.920019,12.1093,1,0
18,76.55,1.308527,11.9437,1,0
18,76.745,1.779745,11.8471,1,0
18,76.95,2.33559,11.7649,1,0
18,77.15,1.288069,11.6596,1,0
18,77.35,3.24665,11.5188,1,0
18,77.55,5.002395,11.4125,1,0
18,77.75,5.801494,11.3159,1,0
18,77.95,4.554011,11.2144,1,0
18,78.15,3.924831,11.162,1,0
18,78.35,2.152961,11.0222,1,0
18,78.55,1.974624,10.9731,1,0
18,78.75,1.94754,10.8705,1,0
18,78.951,2.660763,10.8741,1,0
18,79.35,2.300631,10.3087,1,0
18,79.55,3.678701,9.8585,1,0
18,79.751,1.88008,9.7671,1,0
18,79.995,5.797453,9.604,1,0
18,80.2,1.464322,9.5195,1,0
18,80.4,1.362945,9.4555,1,0
18,80.6,2.764849,9.3115,1,0
18,80.8,1.652409,9.2608,1,0
18,81.0,1.811079,9.1738,1,0
18,81.2,1.224942,9.0489,1,0
18,81.4,1.526364,8.9696,1,0
18,81.6,1.472488,8.8526,1,0
18,81.801,2.04925,8.7478,1,0
18,82.0,1.231442,8.6273,1,0
18,82.2,16.418587,8.5364,1,0
18,82.4,44.751375,8.435,1,0
18,82.6,4.672763,8.3478,1,0
18,82.8,3.128397,8.2074,1,0
18,83.0,3.788245,8.1245,1,0
18,83.199,7.355942,7.92,1,0
18,83.4,4.018541,7.844,1,0
18,83.6,5.789243,7.6976,1,0
18,83.8,3.462404,7.6056,1,0
18,84.001,5.02302,7.5282,1,0
18,84.2,4.085834,7.382,1,0
18,84.4,4.736222,7.2816,1,0
18,84.6,6.484632,7.1897,1,0
18,84.8,6.027707,7.0789,1,0
18,85.0,2.697805,6.9808,1,0
18,85.2,8.306795,6.8789,1,0
18,85.4,4.177418,6.7776,1,0
18,85.6,6.981017,6.6788,1,0
18,85.8,6.353255,6.6632,1,0
18,86.0,3.855204,6.4246,1,0
18,86.2,3.547614,6.3206,1,0
18,86.4,3.033645,6.293,1,0
18,86.6,4.275712,5.873,1,0
18,86.8,3.823369,5.7857,1,0
18,87.0,3.858662,5.6852,1,0
18,87.2,5.697532,5.6087,1,0
18,87.4,5.430569,5.4985,1,0
18,87.6,52.535068,5.4057,1,0
18,87.801,27.891734,5.3376,1,0
18,87.997,3.40632,5.3621,1,0
18,88.4,5.81891,5.0101,1,0
18,88.6,6.993725,4.9301,1,0
18,88.8,4.597093,4.829,1,0
18,89.0,3.500654,4.7126,1,0
18,89.2,4.085999,4.6028,1,0
18,89.401,4.86089,4.5385,1,0
18,89.6,4.669762,4.3103,1,0
18,89.801,5.388193,4.2,1,0
18,90.0,7.366941,4.1631,1,0
18,90.2,5.589488,4.0298,1,0
18,90.4,4.564384,4.0318,1,0
18,90.6,6.08304,4.0383,1,0
18,90.8,3.324984,4.0405,1,0
18,91.0,3.396611,4.0449,1,0
18,91.2,4.473257,4.0482,1,0
18,91.4,2.921101,4.0472,1,0
18,91.6,5.255065,4.0379,1,0
18,91.8,8.037245,4.0239,1,0
18,92.0,2.681137,3.999,1,0
18,92.2,6.302877,3.9687,1,0
18,92.4,3.710575,3.9198,1,0
18,92.601,2.395424,3.9061,1,0
18,92.8,3.896829,4.0353,1,0
18,93.001,2.914559,4.158,1,0
18,93.2,9.596443,3.4975,1,0
18,93.4,3.93533,3.3951,1,0
18,93.6,4.012206,3.2993,1,0
18,93.8,2.454382,3.2067,1,0
18,94.0,2.896642,3.1083,1,0
18,94.2,2.588427,3.0312,1,0
18,94.4,3.260232,2.9529,1,0
18,94.6,3.263733,2.8021,1,0
18,94.8,3.542571,2.6918,1,0
18,95.0,2.31038,2.5918,1,0
18,95.2,2.298004,2.525,1,0
18,95.4,7.291229,2.3526,1,0
18,95.6,3.449652,2.2652,1,0
18,95.8,3.192731,2.1327,1,0
18,96.0,1.351777,2.0348,1,0
18,96.2,1.521113,1.9391,1,0
18,96.4,1.581074,1.8381,1,0
18,96.6,2.324546,1.7393,1,0
18,96.8,2.478842,1.6426,1,0
18,97.0,2.556092,1.5453,1,0
18,97.2,2.32138,1.4533,1,0
18,97.4,1.974498,1.3367,1,0
18,97.6,1.545656,1.2392,1,0
18,97.8,2.476758,1.1445,1,0
18,98.0,3.279524,1.0402,1,0
18,98.2,1.242858,0.9473,1,0
18,98.4,1.452904,0.8836,1,0
18,98.6,0.695639,0.8004,1,0
18,98.8,0.922352,0.6387,1,0
18,99.0,0.92781,0.5527,1,0
18,99.2,1.669866,0.4223,1,0
18,99.401,0.698514,0.337,1,0
18,99.65,0.92031,0.2456,1,0
18,99.85,0.808266,0.2395,1,0
18,100.051,0.826267,0.2901,1,0
18,100.251,0.882518,0.3242,1,0
18,100.45,2.51755,0.3158,1,0
18,100.649,1.535739,0.2842,1,0
18,100.851,1.200065,0.245,1,0
18,101.05,1.25115,0.2213,1,0
18,101.249,1.239317,0.2011,1,0
18,101.45,1.450613,0.1578,1,0
18,101.65,0.934519,0.1256,1,0
18,101.85,5.19302,0.0927,1,0
18,102.047,3.091978,0.065,1,1
19,106.951,1.361568,12.746,1,0
19,106.951,144.309471,12.746,1,0
19,107.151,0.929977,12.7194,1,0
19,107.351,1.220774,12.6718,1,0
19,107.55,1.770952,12.5587,1,0
19,107.75,1.53878,12.4418,1,0
19,107.95,0.981228,12.336,1,0
19,108.15,7.098306,12.4023,1,0
19,108.35,5.033932,12.5458,1,0
19,108.551,5.531859,12.405,1,0
19,108.75,7.559732,12.338,1,0
19,108.95,49.877314,12.2465,1,0
19,109.15,7.069931,12.1607,1,0
19,109.35,4.241375,11.8216,1,0
19,109.55,6.750633,11.9691,1,0
19,109.75,3.793699,12.0078,1,0
19,109.951,4.037913,11.99,1,0
19,110.151,3.141979,11.9051,1,0
19,110.351,6.535003,11.7851,1,0
19,110.55,2.849847,11.7243,1,0
19,110.75,2.162042,11.7132,1,0
19,110.95,2.275628,11.768,1,0
19,111.15,4.202415,11.8238,1,0
19,111.35,1.835411,11.6364,1,0
19,111.55,2.273628,11.5898,1,0
19,111.75,1.292192,11.6085,1,0
19,111.95,1.521571,11.6453,1,0
19,112.15,2.526632,11.7254,1,0
19,112.35,1.608281,11.274,1,0
19,112.55,2.156251,11.1872,1,0
19,112.75,1.835744,11.0868,1,0
19,112.95,2.210669,10.9228,1,0
19,113.15,1.630865,10.8197,1,0
19,113.35,5.508274,10.7246,1,0
19,113.55,3.151103,10.6632,1,0
19,113.75,2.78618,10.5322,1,0
19,113.95,2.293919,10.4078,1,0
19,114.15,2.852056,10.3129,1,0
19,114.35,3.252938,10.2219,1,0
19,114.55,3.162353,10.0996,1,0
19,114.746,2.198084,9.998,1,0
19,114.95,2.136958,9.9034,1,0
19,115.15,3.799658,9.7824,1,0
19,115.35,3.638029,9.6834,1,0
19,115.55,5.363938,9.5607,1,0
19,115.75,9.245971,9.5314,1,0
19,115.95,5.295853,9.4348,1,0
19,116.15,4.469087,9.3244,1,0
19,116.35,9.423724,9.6094,1,0
19,116.55,3.641529,9.6178,1,0
19,116.75,2.543758,9.6399,1,0
19,116.95,2.473048,8.9615,1,0
19,117.15,4.058829,8.8784,1,0
19,117.35,4.258999,8.7885,1,0
19,117.55,5.29452,8.7307,1,0
19,117.75,6.178036,8.6005,1,0
19,117.95,3.88695,8.5225,1,0
19,118.15,3.455109,8.3345,1,0
19,118.347,3.326356,8.2305,1,0
19,118.551,3.307356,8.1307,1,0
19,118.75,3.391607,8.0361,1,0
19,118.951,3.341981,7.946,1,0
19,119.15,4.810135,8.2336,1,0
19,119.35,3.31398,8.0393,1,0
19,119.55,4.244957,7.9854,1,0
19,119.75,2.418796,7.8934,1,0
19,119.95,30.292711,7.6574,1,0
19,120.15,5.205433,7.5927,1,0
19,120.35,6.545293,8.0295,1,0
19,120.55,6.242412,7.9205,1,0
19,120.75,6.527001,7.8282,1,0
19,120.95,5.005555,7.6652,1,0
19,121.15,4.629714,7.566,1,0
19,121.35,13.421925,7.9647,1,0
19,121.55,3.587819,7.8799,1,0
19,121.75,4.009827,7.8492,1,0
19,122.55,3.543735,7.2008,1,0
19,122.75,8.367245,7.0971,1,0
19,122.95,5.490022,7.0411,1,0
19,123.15,4.573254,7.0381,1,0
19,123.35,4.446877,7.0768,1,0
19,123.55,4.829676,7.1093,1,0
19,123.951,5.308436,7.6475,1,0
19,124.15,4.792342,7.6681,1,0
19,124.75,3.653237,7.4003,1,0
19,124.95,8.722917,7.3864,1,0
19,125.15,4.56542,7.3976,1,0
19,125.35,4.140663,7.4101,1,0
19,125.55,7.235055,7.033,1,0
19,125.75,4.069662,7.195,1,0
19,127.0,5.174349,6.1997,1,0
19,127.2,15.308168,6.1272,1,0
19,127.4,6.34858,6.1155,1,0
19,127.6,4.569837,6.1012,1,0
19,127.8,6.725878,6.0642,1,0
19,128.0,3.633653,5.4207,1,0
19,128.2,6.482623,5.326,1,0
19,128.4,6.583292,5.2322,1,0
19,128.6,5.501563,5.1093,1,0
19,128.8,4.068453,5.0113,1,0
19,129.0,4.827634,4.9139,1,0
19,129.2,3.924116,4.8144,1,0
19,129.401,4.850884,4.7212,1,0
19,129.6,7.594769,4.6074,1,0
19,129.8,4.123328,4.5092,1,0
19,130.0,4.263706,4.4138,1,0
19,130.2,6.120533,4.313,1,0
19,130.401,5.692108,4.2101,1,0
19,130.6,4.347749,4.1131,1,0
19,130.8,4.749465,4.0054,1,0
19,131.0,6.30712,3.9049,1,0
19,131.2,5.401978,3.8008,1,0
19,131.4,4.047785,3.689,1,0
19,131.6,7.567394,3.6431,1,0
19,131.8,3.646736,3.4989,1,0
19,132.0,3.743196,3.3745,1,0
19,132.2,5.065221,3.2855,1,0
19,132.401,8.398617,3.1812,1,0
19,132.6,2.821553,3.0978,1,0
19,132.8,4.684338,2.9472,1,0
19,133.0,3.971283,2.8177,1,0
19,133.2,4.857925,2.7692,1,0
19,133.4,4.796383,2.4503,1,0
19,133.6,4.299123,2.3559,1,0
19,133.8,3.465691,2.2587,1,0
19,134.0,4.683005,2.1649,1,0
19,134.2,4.325249,2.0933,1,0
19,134.401,2.510423,1.8845,1,0
19,134.6,2.59209,1.7967,1,0
19,134.8,4.820299,1.7136,1,0
19,135.0,5.254016,1.6994,1,0
19,135.2,2.511006,1.4173,1,0
19,135.4,1.588196,1.3117,1,0
19,135.6,2.593299,1.2143,1,0
19,135.8,3.573234,1.1198,1,0
19,136.0,2.782469,1.0215,1,0
19,136.2,1.955203,0.9588,1,0
19,136.4,1.167939,0.8597,1,0
19,136.6,1.374318,0.7554,1,0
19,136.801,1.328359,0.6306,1,0
19,137.001,2.11679,0.529,1,0
19,137.2,3.192769,0.4059,1,0
19,137.4,1.338609,0.2817,1,0
19,137.6,1.637698,0.2072,1,0
19,137.8,1.177855,0.1447,1,0
19,138.0,1.26944,0.176,1,0
19,138.2,2.753469,0.218,1,0
19,138.401,1.592655,0.2339,1,0
19,138.6,2.074455,0.213,1,0
19,138.799,2.144916,0.1815,1,0
19,139.0,2.142248,0.1452,1,0
19,139.201,1.842493,0.1122,1,0
19,139.401,1.907494,0.0793,1,1
20,147.751,0.76539,12.7322,1,0
20,147.751,133.816391,12.7322,1,0
20,147.951,0.705388,12.735,1,0
20,148.151,0.709555,12.7097,1,0
20,148.351,1.138979,12.6588,1,0
20,148.55,13.491833,12.6147,1,0
20,148.75,4.70442,12.5854,1,0
20,148.95,6.684457,12.5318,1,0
20,149.151,4.347497,12.3491,1,0
20,149.35,4.692462,12.2224,1,0
20,149.546,3.617358,12.1904,1,0
20,149.751,5.192013,12.1373,1,0
20,149.951,4.000199,11.9327,1,0
20,150.151,2.940138,11.8364,1,0
20,150.35,6.05232,11.7457,1,0
20,150.55,2.922179,11.6242,1,0
20,150.75,2.985763,11.5546,1,0
20,150.95,45.142581,11.5474,1,0
20,151.15,34.655304,11.3548,1,0
20,151.35,68.357467,11.8511,1,0
20,151.55,5.653562,11.6773,1,0
20,151.75,7.250634,11.773,1,0
20,151.95,7.125048,11.6363,1,0
20,152.15,5.042843,11.5365,1,0
20,152.35,2.841385,11.4363,1,0
20,152.55,4.080617,11.3494,1,0
20,152.75,22.317285,11.2245,1,0
20,152.95,21.135763,11.128,1,0
20,153.15,6.753874,11.0236,1,0
20,153.351,24.37178,10.9248,1,0
20,153.551,25.215295,10.8253,1,0
20,153.75,3.302727,10.7281,1,0
20,153.951,3.302394,10.6452,1,0
20,154.151,2.991555,10.5254,1,0
20,154.35,15.796581,10.2657,1,0
20,154.55,13.85392,10.2777,1,0
20,154.75,8.185483,10.1834,1,0
20,154.95,9.520841,10.0877,1,0
20,155.15,19.630525,10.0087,1,0
20,155.35,6.631246,9.9542,1,0
20,155.551,14.381555,10.0065,1,0
20,155.75,7.181965,9.6208,1,0
20,155.95,16.018626,9.5212,1,0
20,156.151,4.771045,9.4261,1,0
20,156.35,9.280336,9.3309,1,0
20,156.55,10.868407,9.2547,1,0
20,156.75,6.522203,9.1007,1,0
20,156.95,17.703406,9.0026,1,0
20,157.15,6.462284,8.9063,1,0
20,157.35,6.507452,8.7972,1,0
20,157.551,3.518023,8.6686,1,0
20,157.747,11.680421,8.5661,1,0
20,157.951,8.457487,8.4677,1,0
20,158.151,57.068538,8.3758,1,0
20,158.35,6.830666,8.2658,1,0
20,158.55,12.476935,8.0395,1,0
20,158.75,10.245311,7.9472,1,0
20,158.95,8.589573,7.8557,1,0
20,159.15,4.944132,7.7317,1,0
20,159.351,9.728718,7.5179,1,0
20,159.55,7.271341,7.4114,1,0
20,159.75,6.693788,7.3948,1,0
20,159.95,9.919805,7.2584,1,0
20,160.15,7.233882,7.0311,1,0
20,160.35,9.366754,6.9335,1,0
20,160.548,7.076462,6.8692,1,0
20,160.75,4.47554,6.6965,1,0
20,160.95,6.063026,6.5887,1,0
20,161.15,5.236719,6.4771,1,0
20,161.35,6.793415,6.4052,1,0
20,161.55,8.320442,6.2669,1,0
20,161.75,4.486998,6.1564,1,0
20,161.95,3.808277,6.0574,1,0
20,162.15,2.57538,5.9732,1,0
20,162.35,4.018031,5.8646,1,0
20,162.55,2.455419,5.8181,1,0
20,162.75,3.563523,5.8999,1,0
20,164.6,7.059252,4.4236,1,0
20,164.8,6.896582,4.3294,1,0
20,165.001,6.834581,4.2186,1,0
20,165.2,11.544082,4.1291,1,0
20,165.4,29.328445,4.0331,1,0
20,165.6,2.775549,3.9474,1,0
20,165.8,3.537105,3.8214,1,0
20,165.999,2.520378,3.7268,1,0
20,166.2,1.511986,3.6607,1,0
20,166.4,1.811657,3.533,1,0
20,166.6,2.834009,3.4162,1,0
20,166.801,1.793199,3.317,1,0
20,167.0,3.508855,3.2289,1,0
20,167.2,2.438168,3.1309,1,0
20,167.4,4.018572,3.0097,1,0
20,167.6,2.25904,2.9075,1,0
20,167.8,2.045661,2.8058,1,0
20,168.0,6.315029,2.7041,1,0
20,168.2,2.800883,2.6051,1,0
20,168.4,2.938844,2.5046,1,0
20,168.601,3.21485,2.4052,1,0
20,168.8,5.282261,2.308,1,0
20,169.0,8.691864,2.1807,1,0
20,169.2,5.069716,2.0991,1,0
20,169.4,4.647791,1.9859,1,0
20,169.601,4.836419,1.8914,1,0
20,169.8,4.814878,1.8214,1,0
20,170.001,4.287326,1.7946,1,0
20,170.2,4.775085,1.7379,1,0
20,170.4,3.398185,1.6316,1,0
20,170.6,3.067971,1.5345,1,0
20,170.8,4.28816,1.4244,1,0
20,171.0,2.352917,1.3643,1,0
20,171.201,9.821759,1.2284,1,0
20,171.4,7.244296,1.138,1,0
20,171.601,3.626648,1.0271,1,0
20,171.8,4.463079,0.9502,1,0
20,172.0,6.925415,0.8177,1,0
20,172.2,3.308351,0.6925,1,0
20,172.4,1.049894,0.5981,1,0
20,172.6,5.981106,0.5061,1,0
20,172.8,3.93232,0.4215,1,0
20,173.001,0.851973,0.2898,1,0
20,173.2,1.498902,0.2062,1,0
20,173.401,1.440484,0.18,1,0
20,173.6,1.444526,0.1881,1,0
20,173.801,1.167396,0.2382,1,0
20,174.001,1.146104,0.3073,1,0
20,174.2,1.622946,0.3179,1,0
20,174.401,1.380108,0.2268,1,0
20,174.6,1.327357,0.1962,1,0
20,174.8,2.383125,0.1685,1,0
20,175.0,1.514902,0.1512,1,0
20,175.2,1.540694,0.0875,1,0
20,175.4,1.138937,0.0549,1,0
20,175.6,1.21548,0.0227,1,1
21,183.351,2.344708,12.8548,1,0
21,183.351,145.091123,12.8548,1,0
21,183.551,1.126603,12.8478,1,0
21,183.75,0.934516,12.8132,1,0
21,183.95,2.114912,12.7695,1,0
21,184.15,3.930486,12.7094,1,0
21,184.351,2.930259,12.6433,1,0
21,184.55,1.839658,12.5153,1,0
21,184.75,2.708798,12.6352,1,0
21,184.95,1.748155,12.5535,1,0
21,185.15,5.7351,12.4237,1,0
21,185.35,1.940201,12.3378,1,0
21,185.55,6.357736,12.2731,1,0
21,185.75,7.039706,12.1837,1,0
21,185.95,2.977593,12.0802,1,0
21,186.15,9.371746,11.9846,1,0
21,186.35,9.219744,11.8917,1,0
21,186.55,4.373826,11.7848,1,0
21,186.75,4.23849,11.6977,1,0
21,186.95,5.050963,11.6251,1,0
21,187.15,4.31345,11.5284,1,0
21,187.35,5.229966,11.4152,1,0
21,187.55,3.073845,11.317,1,0
21,187.75,3.197472,11.217,1,0
21,187.95,3.269765,11.1295,1,0
21,188.15,2.209788,11.0634,1,0
21,188.35,1.438359,10.9219,1,0
21,188.55,1.396232,10.8225,1,0
21,188.75,1.603278,10.7274,1,0
21,188.95,2.995551,10.6192,1,0
21,189.15,2.160245,10.5029,1,0
21,189.35,1.297856,10.4133,1,0
21,189.55,2.592086,10.3156,1,0
21,189.751,4.084863,10.23,1,0
21,189.95,2.714256,10.1188,1,0
21,190.15,3.306391,10.0194,1,0
21,190.35,3.884358,9.912,1,0
21,190.55,3.730147,9.8059,1,0
21,190.749,7.076456,9.7245,1,0
21,190.95,17.613055,9.9522,1,0
21,191.15,9.110116,9.9013,1,0
21,191.351,5.551679,9.7315,1,0
21,191.55,6.577988,9.6568,1,0
21,191.75,38.580042,9.5337,1,0
21,191.95,6.591322,9.4528,1,0
21,192.151,3.929901,9.334,1,0
21,192.35,6.606656,9.2296,1,0
21,192.55,5.205131,9.1366,1,0
21,192.75,5.012212,9.0567,1,0
21,192.95,4.454368,9.0309,1,0
21,193.15,2.237414,8.8421,1,0
21,193.349,6.045521,8.7675,1,0
21,193.55,9.303119,8.6304,1,0
21,193.75,4.254573,8.5309,1,0
21,193.95,2.804674,8.4446,1,0
21,194.15,3.496685,8.3934,1,0
21,194.35,3.150637,8.1592,1,0
21,194.551,9.671291,8.0672,1,0
21,194.751,19.10137,7.9595,1,0
21,194.95,3.995944,7.8626,1,0
21,195.15,6.363859,7.7731,1,0
21,195.35,6.193981,7.7485,1,0
21,195.55,5.423885,7.6675,1,0
21,195.75,5.973977,7.4343,1,0
21,195.95,4.72504,7.3465,1,0
21,196.15,3.012593,7.2071,1,0
21,196.351,3.647312,7.119,1,0
21,196.551,4.557953,7.0368,1,0
21,196.748,3.510227,6.9108,1,0
21,196.95,3.907817,6.8112,1,0
21,197.15,4.122696,6.7174,1,0
21,197.35,3.181054,6.699,1,0
21,197.55,2.414208,6.474,1,0
21,197.75,3.049802,6.3931,1,0
21,198.0,6.56182,6.3817,1,0
21,198.2,3.637938,6.1636,1,0
21,198.4,4.177946,6.0068,1,0
21,198.6,38.771871,5.9518,1,0
21,198.8,6.996036,5.332,1,0
21,199.0,3.923317,5.2541,1,0
21,199.2,3.3901,5.202,1,0
21,199.401,5.047837,5.0629,1,0
21,199.6,4.26324,5.0221,1,0
21,199.798,3.889733,4.7995,1,0
21,200.0,10.946311,4.723,1,0
21,200.2,4.376074,4.551,1,0
21,200.4,7.991136,4.4473,1,0
21,200.6,6.755532,4.3466,1,0
21,200.8,5.20063,4.2507,1,0
21,201.0,8.725941,4.1473,1,0
21,201.201,7.318124,4.0221,1,0
21,201.4,6.320025,3.9206,1,0
21,201.6,3.693355,3.8158,1,0
21,201.8,4.194321,3.7173,1,0
21,202.0,7.290124,3.6423,1,0
21,202.2,5.064919,3.407,1,0
21,202.401,4.26103,3.3495,1,0
21,202.598,4.108903,3.2676,1,0
21,202.8,9.567329,3.1466,1,0
21,203.0,6.073687,3.08,1,0
21,203.2,2.771381,2.8704,1,0
21,203.4,3.162512,2.77,1,0
21,203.6,3.104261,2.675,1,0
21,203.8,3.009093,2.5981,1,0
21,204.0,3.29139,2.4718,1,0
21,204.2,4.680913,2.3826,1,0
21,204.4,2.604252,2.2693,1,0
21,204.6,3.993401,2.1831,1,0
21,204.801,4.199655,2.0779,1,0
21,205.0,2.610877,1.9665,1,0
21,205.2,2.798547,1.8678,1,0
21,205.401,2.084493,1.7731,1,0
21,205.6,1.949741,1.6672,1,0
21,205.8,2.04341,1.5695,1,0
21,206.0,1.933325,1.4757,1,0
21,206.201,3.420308,1.3519,1,0
21,206.401,2.423166,1.2622,1,0
21,206.6,2.12416,1.1725,1,0
21,206.8,3.14622,1.0846,1,0
21,206.997,2.477875,0.9617,1,0
21,207.2,2.13912,0.8741,1,0
21,207.4,2.979926,0.8027,1,0
21,207.6,3.697021,0.6162,1,0
21,207.8,1.896198,0.5168,1,0
21,208.0,4.143862,0.4171,1,0
21,208.2,0.862389,0.3145,1,0
21,208.4,0.796763,0.2441,1,0
21,208.6,1.13602,0.1635,1,0
21,208.8,0.832098,0.1784,1,0
21,209.0,0.820972,0.234,1,0
21,209.2,1.659028,0.2595,1,0
21,209.4,1.066018,0.2438,1,0
21,209.6,0.874556,0.2176,1,0
21,209.8,1.08031,0.1864,1,0
21,210.0,0.90789,0.1619,1,0
21,210.2,1.055018,0.129,1,0
21,210.401,0.916932,0.105,1,0
21,210.601,0.899557,0.0656,1,0
21,210.8,1.013934,0.0265,1,1
